,300,317.722,335.443,353.165,370.886,388.608,406.329,424.051,441.772,459.494,477.215,494.937,512.658,530.38,548.101,565.823,583.544,601.266,618.987,636.709,654.43,672.152,689.873,707.595,725.316,743.038,760.759,778.481,796.203,813.924,831.646,849.367,867.089,884.81,902.532,920.253,937.975,955.696,973.418,991.139,1008.86,1026.58,1044.3,1062.03,1079.75,1097.47,1115.19,1132.91,1150.63,1168.35,1186.08,1203.8,1221.52,1239.24,1256.96,1274.68,1292.41,1310.13,1327.85,1345.57,1363.29,1381.01,1398.73,1416.46,1434.18,1451.9,1469.62,1487.34,1505.06,1522.78,1540.51,1558.23,1575.95,1593.67,1611.39,1629.11,1646.84,1664.56,1682.28,1700
0.1,12.0583,10.3487,10.3469,10.3464,10.3456,10.3446,10.3436,10.3427,10.3418,10.2465,9.73823,9.73881,9.73927,9.54248,7.60945,7.60977,7.57652,7.57551,7.57387,7.57133,4.74885,3.36326,3.34835,3.33364,3.2027,2.75987,1.21549,0.911422,0.702402,0.229055,0.12536,0.121678,0.119138,0.116434,0.11356,0.110513,0.0239949,0,0,0,0,0,0,0,0,0,0,0,0,0,0,0,0,0,0,0,0,0,0,0,0,0,0,0,0,0,0,0,0,0,0,0,0,0,0,0,0,0,0,0
0.2,11.3284,10.3661,10.3574,10.3574,10.3554,10.3532,10.3512,10.3495,10.3479,10.3466,9.74258,9.74321,9.74378,9.74427,9.74467,9.74497,8.91095,5.53134,5.5306,5.52952,5.52799,5.52581,4.73922,3.35203,3.22761,3.20866,3.18929,1.20254,0.951287,0.68016,0.299615,0.120154,0.117425,0.114689,0.111805,0.108763,0.105601,0.102247,0.0381198,0,0,0,0,0,0,0,0,0,0,0,0,0,0,0,0,0,0,0,0,0,0,0,0,0,0,0,0,0,0,0,0,0,0,0,0,0,0,0,0,0
0.3,10.8642,10.2612,10.3782,10.3782,10.3723,10.3672,10.3629,10.3594,10.3566,6.90784,6.90783,6.90782,6.90781,6.90779,6.90776,6.90772,6.90766,5.53137,5.53065,5.52963,5.52818,5.52614,5.5233,5.51935,3.24905,3.2302,3.21095,1.72619,1.13495,0.875893,0.647756,0.21169,0.11499,0.112137,0.10913,0.105655,0.10264,0.0991187,0.0954874,0.0821775,0.0201765,0,0,0,0,0,0,0,0,0,0,0,0,0,0,0,0,0,0,0,0,0,0,0,0,0,0,0,0,0,0,0,0,0,0,0,0,0,0,0
0.4,10.3964,10.1755,10.1814,10.2197,10.3667,10.3393,10.3834,10.3756,6.90784,6.90784,6.90783,6.90782,6.90781,6.90779,6.90775,6.90771,6.90765,5.53135,5.53064,5.52963,5.52821,5.52623,5.52349,5.51973,5.51451,4.1433,3.23111,3.21093,1.6347,1.29278,0.758307,0.602962,0.116226,0.109097,0.105921,0.102586,0.0990877,0.0841057,0.0633218,0.060659,0.0583812,0.0560281,0.0535996,0.0392389,0.0097408,0,0,0,0,0,0,0,0,0,0,0,0,0,0,0,0,0,0,0,0,0,0,0,0,0,0,0,0,0,0,0,0,0,0,0
0.5,10.1901,10.1389,10.1389,10.16,10.176,10.1913,7.63262,7.63263,7.6326,7.63256,7.63251,6.90782,6.9078,6.90778,6.90774,6.90769,6.90763,6.90754,5.53055,5.52952,5.52809,5.52611,5.52339,5.51967,5.51458,5.28504,4.14256,3.01382,2.54155,2.42041,1.15961,0.61709,0.45431,0.105565,0.0990982,0.0775363,0.0653145,0.0631833,0.0611238,0.0586988,0.056488,0.053915,0.0514096,0.0488272,0.0458672,0.0415495,0.0369896,0.0188966,0,0,0,0,0,0,0,0,0,0,0,0,0,0,0,0,0,0,0,0,0,0,0,0,0,0,0,0,0,0,0,0
0.6,10.1408,10.1171,10.1221,10.1303,7.63262,7.63263,7.63264,7.63265,7.63266,7.63266,7.63262,7.6325,7.63238,7.63223,6.90773,6.90767,6.9076,6.9075,6.90737,5.52928,5.52779,5.52575,5.52297,5.5192,5.51406,5.28443,3.09991,3.01957,2.92702,2.81978,2.69398,2.15468,0.48001,0.278831,0.0676011,0.0655306,0.0633866,0.0611667,0.0588746,0.056506,0.0529295,0.0489872,0.0448353,0.0404628,0.0358639,0.0310211,0.0259264,0.0205479,0.014879,0.00888566,0.00252748,0,0,0,0,0,0,0,0,0,0,0,0,0,0,0,0,0,0,0,0,0,0,0,0,0,0,0,0,0
0.7,10.1197,7.63255,7.63255,7.63255,7.63265,7.63266,7.63267,7.63269,7.63269,7.6327,7.63268,7.63264,7.63252,7.63223,7.63193,7.63158,7.63117,6.90742,6.53342,5.48573,5.48573,5.47883,5.47361,5.46667,5.45737,5.22473,3.31896,3.0248,2.93144,2.82367,2.69785,2.5484,2.36688,0.9703,0.0219655,0.0171662,0.0148099,0.0123667,0.00984552,0.00725538,0.00460481,0.00190254,0,0,0,0,0,0,0,0,0,0,0,0,0,0,0,0,0,0,0,0,0,0,0,0,0,0,0,0,0,0,0,0,0,0,0,0,0,0
0.8,10.1534,7.63255,7.63254,7.63262,7.63269,7.6327,7.63272,7.63273,7.63274,7.63274,7.63273,7.63268,7.63258,7.63233,7.6319,7.63137,7.63069,7.55826,7.37811,6.53707,5.48517,5.48108,5.47574,5.46872,5.4594,5.22707,3.30237,3.21289,3.11009,2.8264,2.6985,2.54742,2.26777,2.02531,1.18438,0.552425,0.482081,0,0,0,0,0,0,0,0,0,0,0,0,0,0,0,0,0,0,0,0,0,0,0,0,0,0,0,0,0,0,0,0,0,0,0,0,0,0,0,0,0,0,0
0.9,10.1542,7.63255,7.63283,7.63262,7.63274,7.63276,7.63277,7.63278,7.63279,7.63279,7.63278,7.63273,7.63263,7.63242,7.63197,7.63135,7.63059,7.62964,7.61588,7.42946,7.29934,5.48352,5.47797,5.47078,5.46133,4.28953,3.28321,3.19444,3.09218,2.97372,2.83544,2.45858,2.25911,2.01253,1.69761,0.633023,0.585594,0.534983,0.360147,0.272385,0.1783,0,0,0,0,0,0,0,0,0,0,0,0,0,0,0,0,0,0,0,0,0,0,0,0,0,0,0,0,0,0,0,0,0,0,0,0,0,0,0
1,8.03781,7.63255,7.63267,7.63265,7.63281,7.63282,7.63284,7.63285,7.63286,7.63286,7.63284,7.63279,7.63269,7.63248,7.63209,7.63138,7.6305,7.62942,7.6281,7.62648,7.47789,7.33999,5.48035,4.42262,4.40163,4.27476,3.26179,3.17339,3.07118,2.88244,2.73495,2.55983,2.3483,1.992,1.66756,0.593024,0.542711,0.488975,0.431496,0.36992,0.200814,0.0963021,0,0,0,0,0,0,0,0,0,0,0,0,0,0,0,0,0,0,0,0,0,0,0,0,0,0,0,0,0,0,0,0,0,0,0,0,0,0
1.1,8.03781,7.63254,7.63255,7.63267,7.63271,7.63291,7.63292,7.63293,7.63294,7.63293,7.63291,7.63286,7.63275,7.63255,7.63217,7.63147,7.63044,7.62921,7.62772,7.62591,7.62371,7.52255,5.17544,4.40691,4.38595,4.36291,3.23829,3.14997,2.98313,2.85636,2.70691,2.52874,2.31277,2.04487,1.70235,0.619423,0.488094,0.430478,0.3688,0.30263,0.231478,0.154761,0,0,0,0,0,0,0,0,0,0,0,0,0,0,0,0,0,0,0,0,0,0,0,0,0,0,0,0,0,0,0,0,0,0,0,0,0,0
1.2,7.63322,7.63295,7.63291,7.63254,7.63285,7.63282,7.63272,7.63304,7.63304,7.63303,7.633,7.63294,7.63282,7.63261,7.63223,7.63157,7.63044,7.62902,7.62779,7.62529,7.62282,7.61983,5.72118,5.09596,4.37047,4.34786,3.15779,3.06452,2.95536,2.82687,2.67456,2.49208,2.26986,1.99292,1.63706,1.16142,0.507437,0.353881,0.28703,0.21514,0.137741,0.0851457,0.0664802,0.047113,0.0270218,0,0,0,0,0,0,0,0,0,0,0,0,0,0,0,0,0,0,0,0,0,0,0,0,0,0,0,0,0,0,0,0,0,0,0
1.3,7.63429,7.63342,7.63314,7.63291,7.63307,7.63301,7.63296,7.63292,7.63288,7.63283,7.6331,7.63303,7.6329,7.63267,7.63229,7.63164,7.63054,7.62889,7.62694,7.62463,7.61983,7.61983,7.04638,5.12388,4.35314,4.33094,3.12871,3.03504,2.92471,2.79396,2.63795,2.44989,2.21952,1.93075,1.55718,0.801893,0.462119,0.343298,0.30713,0.126169,0.108451,0.0901099,0.0711154,0.0514536,0.0311065,0.0100748,0,0,0,0,0,0,0,0,0,0,0,0,0,0,0,0,0,0,0,0,0,0,0,0,0,0,0,0,0,0,0,0,0,0
1.4,7.63807,7.63364,7.63351,7.63314,7.63345,7.63334,7.63325,7.63317,7.6331,7.63303,7.63295,7.63286,7.63299,7.63274,7.63233,7.63168,7.63061,7.62882,7.62655,7.62392,7.61983,7.61705,7.55132,5.14958,5.04119,4.31212,3.56613,3.00263,2.89089,2.7574,2.59686,2.40185,2.1613,1.85758,1.46155,0.745627,0.388727,0.307362,0.269188,0.0483535,0.0367453,0.0996999,0.0798988,0.0595513,0.0386156,0.0170696,0,0,0,0,0,0,0,0,0,0,0,0,0,0,0,0,0,0,0,0,0,0,0,0,0,0,0,0,0,0,0,0,0,0
1.5,7.93042,7.6355,7.63405,7.63351,7.63409,7.63388,7.63371,7.63357,7.63345,7.63335,7.63323,7.6331,7.63295,7.63275,7.63249,7.6317,7.63062,7.6289,7.62618,7.62317,7.61983,7.55451,7.54882,5.21491,5.11229,4.99162,3.50653,2.96665,2.85329,2.71667,2.5508,2.3475,2.09452,1.77233,0.959539,0.679571,0.306862,0.116842,0.0444272,0.0336717,0.0222364,0.0102634,0,0,0.00244645,0.029009,0.00592092,0,0,0,0,0,0,0,0,0,0,0,0,0,0,0,0,0,0,0,0,0,0,0,0,0,0,0,0,0,0,0,0,0
1.6,7.93042,7.63785,7.63487,7.63516,7.63516,7.63476,7.63446,7.63422,7.63402,7.63385,7.63368,7.6335,7.63329,7.63304,7.63273,7.63231,7.63177,7.62888,7.62616,7.62239,7.55765,7.55226,7.54593,6.37328,5.13958,4.87854,4.50607,2.92626,2.81099,2.67085,2.49894,2.2859,2.018,1.67315,0.898914,0.602086,0.0474752,0.0383838,0.0283221,0.0175899,0.00631225,0,0,0,0,0,0,0,0,0,0,0,0,0,0,0,0,0,0,0,0,0,0,0,0,0,0,0,0,0,0,0,0,0,0,0,0,0,0,0
1.7,7.93042,7.93042,7.64144,7.63786,7.63693,7.63621,7.63567,7.63525,7.63492,7.63464,7.63438,7.63412,7.63384,7.63352,7.63312,7.63261,7.63194,7.63108,7.62993,7.56116,7.55583,7.54973,7.53903,7.18954,5.12103,4.82676,4.57777,4.29078,2.76289,2.61863,2.43984,2.2156,1.92998,1.06732,0.827951,0.221934,0.0298233,0.0208993,0.0107766,8.39499e-05,0,0,0,0,0,0,0,0,0,0,0,0,0,0,0,0,0,0,0,0,0,0,0,0,0,0,0,0,0,0,0,0,0,0,0,0,0,0,0,0
1.8,7.93042,7.93042,7.93042,7.64176,7.63997,7.63863,7.63765,7.63692,7.63636,7.63589,7.63549,7.6351,7.63471,7.63427,7.63375,7.63311,7.63229,7.63124,7.56935,7.56637,7.56262,7.55046,7.53859,7.50076,5.06523,4.86284,4.62798,4.35701,4.04437,2.56078,2.37163,2.13438,1.19672,0.999834,0.744199,0.139662,0.0108164,0.00171598,0,0,0,0,0,0,0,0,0,0,0,0,0,0,0,0,0,0,0,0,0,0,0,0,0,0,0,0,0,0,0,0,0,0,0,0,0,0,0,0,0,0
1.9,7.93042,7.93042,7.93042,7.93041,7.93039,7.64284,7.64101,7.63969,7.6387,7.63792,7.63726,7.63666,7.63608,7.63547,7.63477,7.63395,7.63292,7.57211,7.56913,7.56552,7.56101,7.55519,7.54755,6.66257,4.71236,4.59137,4.45862,4.30395,4.10288,3.75147,2.30088,1.98536,1.13023,0.919854,0.462869,0.0467641,0,0,0,0,0,0,0,0,0,0,0,0,0,0,0,0,0,0,0,0,0,0,0,0,0,0,0,0,0,0,0,0,0,0,0,0,0,0,0,0,0,0,0,0
2,7.93042,7.93042,7.93042,7.85372,7.85324,7.8528,7.53825,7.53563,7.53372,7.53225,7.53109,7.53015,7.52934,7.52862,7.52793,7.52722,7.57584,7.57261,7.56892,7.5645,7.55901,7.55196,7.54264,4.96025,4.71418,4.55623,4.41182,4.21119,3.96778,3.66991,3.29531,1.22933,1.0525,0.720127,0.38167,0.00709667,0,0,0,0,0,0,0,0,0,0,0,0,0,0,0,0,0,0,0,0,0,0,0,0,0,0,0,0,0,0,0,0,0,0,0,0,0,0,0,0,0,0,0,0
2.1,7.93042,7.8543,7.85425,7.85374,7.85326,7.85284,7.85247,7.54178,7.53861,7.53637,7.53468,7.53336,7.53226,7.53131,7.53042,7.49466,7.49177,7.48891,7.48584,7.48231,7.47801,7.54786,7.53744,4.96205,4.71316,4.55715,4.45841,4.26652,4.03722,3.75676,3.40644,2.95269,0.914406,0.653134,0.290012,0,0,0,0,0,0,0,0,0,0,0,0,0,0,0,0,0,0,0,0,0,0,0,0,0,0,0,0,0,0,0,0,0,0,0,0,0,0,0,0,0,0,0,0,0
2.2,7.93042,7.8543,7.85427,7.85376,7.8533,7.85289,7.85255,7.85227,7.85203,7.54367,7.54069,7.5385,7.53679,7.53536,7.50285,7.49873,7.49505,7.4915,7.48776,7.48355,7.47845,7.4719,7.46308,4.95743,4.70969,4.55483,4.4715,4.31585,4.09793,3.83314,3.50414,3.0812,2.51353,0.576264,0.187007,0,0,0,0,0,0,0,0,0,0,0,0,0,0,0,0,0,0,0,0,0,0,0,0,0,0,0,0,0,0,0,0,0,0,0,0,0,0,0,0,0,0,0,0,0
2.3,7.85589,7.8543,7.8543,7.85381,7.85336,7.85297,7.85265,7.85239,7.85218,7.85199,7.55278,7.54788,7.54452,7.5167,7.50957,7.50398,7.49917,7.49467,7.49006,7.48496,7.47885,7.4709,7.00136,4.95111,4.8307,4.54995,4.4766,4.35945,4.15185,3.90064,3.58989,3.19376,2.66792,1.5515,0.14618,0,0,0,0,0,0,0,0,0,0,0,0,0,0,0,0,0,0,0,0,0,0,0,0,0,0,0,0,0,0,0,0,0,0,0,0,0,0,0,0,0,0,0,0,0
2.4,7.85592,7.85429,7.85434,7.85386,7.85344,7.85307,7.85277,7.85254,7.85236,7.85218,7.85198,7.85167,7.54687,7.52957,7.51878,7.51088,7.50442,7.4986,7.49283,7.48658,7.39707,7.0419,5.60338,4.94324,4.82297,4.54235,4.48167,4.3976,4.19954,3.96067,3.66599,3.29296,2.8024,2.12475,0.129923,0,0,0,0,0,0,0,0,0,0,0,0,0,0,0,0,0,0,0,0,0,0,0,0,0,0,0,0,0,0,0,0,0,0,0,0,0,0,0,0,0,0,0,0,0
2.5,8.04766,7.85429,7.8544,7.85394,7.85354,7.8532,7.85293,7.85273,7.85257,7.8524,7.85219,7.85185,7.58732,7.54961,7.53179,7.52011,7.51119,7.50353,7.49621,7.406,7.39721,7.00932,5.63316,4.93371,4.81319,4.53203,4.48201,4.43189,4.2423,4.01377,3.73348,3.3806,2.92058,2.29247,1.25277,0,0,0,0,0,0,0,0,0,0,0,0,0,0,0,0,0,0,0,0,0,0,0,0,0,0,0,0,0,0,0,0,0,0,0,0,0,0,0,0,0,0,0,0,0
2.6,8.04887,7.85428,7.85448,7.85404,7.85366,7.85335,7.85312,7.85295,7.85281,7.85265,7.85242,7.85203,7.85142,7.58487,7.551,7.53277,7.52006,7.42781,7.41758,7.40778,7.04947,6.96956,5.64637,4.92247,4.81443,4.51946,4.49124,4.46244,4.28024,4.06142,3.79377,3.4586,3.02484,2.439,1.60246,0,0,0,0,0,0,0,0,0,0,0,0,0,0,0,0,0,0,0,0,0,0,0,0,0,0,0,0,0,0,0,0,0,0,0,0,0,0,0,0,0,0,0,0,0
2.7,8.0496,7.85428,7.85393,7.85415,7.85381,7.85354,7.85335,7.85321,7.85309,7.85293,7.85266,7.8522,7.85142,7.81248,7.58123,7.55051,7.45028,7.43452,7.42126,7.08682,7.01644,6.21452,5.66084,4.90987,4.81736,4.50444,4.49576,4.48983,4.31457,4.10407,3.84775,3.52816,3.11748,2.56796,1.79377,0.776715,0,0,0,0,0,0,0,0,0,0,0,0,0,0,0,0,0,0,0,0,0,0,0,0,0,0,0,0,0,0,0,0,0,0,0,0,0,0,0,0,0,0,0,0
2.8,8.05007,8.04641,7.85468,7.85429,7.85399,7.85377,7.85361,7.85351,7.8534,7.85322,7.85289,7.85231,7.85126,7.85004,7.56845,7.49511,7.46318,7.43972,7.42079,7.05954,6.97626,6.19195,5.66791,4.89587,4.81997,4.50701,4.50016,4.50028,4.34144,4.13994,3.89556,3.59059,3.20016,2.6822,1.96103,0.900983,0.0304266,0,0,0,0,0,0,0,0,0,0,0,0,0,0,0,0,0,0,0,0,0,0,0,0,0,0,0,0,0,0,0,0,0,0,0,0,0,0,0,0,0,0,0
2.9,8.05037,8.04791,7.85481,7.85446,7.85421,7.85403,7.85392,7.85385,7.85374,7.85351,7.8531,7.85218,7.8511,7.84984,7.59878,7.50959,7.46792,7.44207,7.09527,7.0152,6.2125,6.16934,5.66603,4.88038,4.8226,4.51001,4.50443,4.50434,4.3536,4.15565,3.91579,3.61919,3.24207,2.7454,2.06085,1.06144,0.669115,0,0,0,0,0,0,0,0,0,0,0,0,0,0,0,0,0,0,0,0,0,0,0,0,0,0,0,0,0,0,0,0,0,0,0,0,0,0,0,0,0,0,0
3,8.05056,8.04887,8.04548,7.85467,7.85446,7.85434,7.85428,7.85422,7.85408,7.85378,7.85299,7.85204,7.85093,7.84962,7.62217,7.51782,7.47219,7.13479,7.054,6.85962,6.19047,5.96704,5.66239,4.90767,4.82504,4.50932,4.50844,4.50819,4.36405,4.16907,3.93313,3.64175,3.27196,2.78635,2.11956,1.15221,0.760823,0.400725,0,0,0,0,0,0,0,0,0,0,0,0,0,0,0,0,0,0,0,0,0,0,0,0,0,0,0,0,0,0,0,0,0,0,0,0,0,0,0,0,0,0
3.1,8.05069,8.0495,8.04714,7.85491,7.85477,7.85471,7.85468,7.85461,7.8544,7.85372,7.85287,7.85189,7.85074,7.84939,7.67247,7.52628,7.18619,7.09619,7.00274,6.21143,6.16895,5.94008,5.65527,4.99258,4.82742,4.51353,4.51247,4.51193,4.37262,4.18065,3.94803,3.66122,3.29785,2.82172,2.17051,1.23015,0.841332,0.498619,0,0,0,0,0,0,0,0,0,0,0,0,0,0,0,0,0,0,0,0,0,0,0,0,0,0,0,0,0,0,0,0,0,0,0,0,0,0,0,0,0,0
3.2,8.05078,8.04992,8.04823,8.0446,7.85513,7.85512,7.8551,7.85497,7.85437,7.85362,7.85275,7.85174,7.85055,7.84916,7.74335,7.27028,7.14957,7.04783,6.56413,6.19118,6.14838,5.91204,5.64538,5.06158,4.82967,4.51765,4.5163,4.51553,4.37986,4.19014,3.96069,3.67791,3.32015,2.85221,2.21461,1.29836,0.914091,0.592124,0.225007,0,0,0,0,0,0,0,0,0,0,0,0,0,0,0,0,0,0,0,0,0,0,0,0,0,0,0,0,0,0,0,0,0,0,0,0,0,0,0,0,0
3.3,8.05083,8.05022,8.04897,8.04636,7.85555,7.85558,7.85551,7.85495,7.85428,7.85352,7.85262,7.85158,7.85035,7.84891,7.62433,7.2342,7.10265,6.9222,6.21527,6.17241,6.05855,5.88289,5.63186,5.11626,4.83183,4.52172,4.52002,4.519,4.38569,4.19793,3.97132,3.69208,3.33918,2.87873,2.25273,1.35705,0.980335,0.673732,0.321742,0,0,0,0,0,0,0,0,0,0,0,0,0,0,0,0,0,0,0,0,0,0,0,0,0,0,0,0,0,0,0,0,0,0,0,0,0,0,0,0,0
3.4,8.05087,8.05042,8.04949,8.04755,8.04321,7.85597,7.85547,7.85488,7.8542,7.85341,7.85248,7.85141,7.85014,7.63582,7.59615,7.18736,7.04373,6.24417,6.1992,6.15594,6.02205,5.85263,5.61581,5.15524,4.85774,4.52564,4.52365,4.52241,4.39042,4.20449,3.98014,3.70401,3.35549,2.90128,2.28559,1.40753,1.04119,0.749522,0.411444,0.045656,0,0,0,0,0,0,0,0,0,0,0,0,0,0,0,0,0,0,0,0,0,0,0,0,0,0,0,0,0,0,0,0,0,0,0,0,0,0,0,0
3.5,8.0509,8.05056,8.04986,8.04838,8.04517,7.85593,7.85541,7.85481,7.85418,7.85329,7.85234,7.85123,7.64501,7.60699,7.55582,7.12731,6.52442,6.2272,6.18,6.11983,5.98507,5.82115,5.59687,5.18954,4.90106,4.52934,4.52721,4.52571,4.39395,4.20962,3.98728,3.71384,3.36927,2.92047,2.31346,1.45138,1.09448,0.816805,0.49446,0.138933,0,0,0,0,0,0,0,0,0,0,0,0,0,0,0,0,0,0,0,0,0,0,0,0,0,0,0,0,0,0,0,0,0,0,0,0,0,0,0,0
3.6,8.05092,8.05066,8.05012,8.04898,8.04652,7.8962,7.85536,7.85474,7.85401,7.85317,7.85206,7.65338,7.61674,7.56956,7.50065,6.77421,6.25404,6.20032,6.15204,6.07929,5.9475,5.78829,5.57493,5.21026,4.95215,4.53328,4.53067,4.52906,4.39652,4.21352,3.99293,3.72183,3.38034,2.93652,2.33727,1.48819,1.14411,0.879389,0.569446,0.224696,0,0,0,0,0,0,0,0,0,0,0,0,0,0,0,0,0,0,0,0,0,0,0,0,0,0,0,0,0,0,0,0,0,0,0,0,0,0,0,0
3.7,8.05093,8.05074,8.05031,8.04941,8.04748,7.97441,7.8553,7.85466,7.85391,7.85304,7.66127,7.62556,7.57975,7.52147,7.10374,6.31586,6.22873,6.17336,6.12365,6.03857,5.90921,5.75386,5.54976,5.22112,5.01,4.53708,4.5341,4.53212,4.39814,4.2163,3.99721,3.72814,3.38938,2.95002,2.35704,1.51941,1.18897,0.935389,0.638491,0.304832,0,0,0,0,0,0,0,0,0,0,0,0,0,0,0,0,0,0,0,0,0,0,0,0,0,0,0,0,0,0,0,0,0,0,0,0,0,0,0,0
3.8,8.05094,8.05079,8.05045,8.04973,8.04817,7.99976,7.59511,7.57259,7.56549,7.46141,7.44867,7.43296,7.41295,7.34441,6.82254,6.28247,6.20396,6.14579,6.09491,5.99758,5.86998,5.71758,5.52106,5.26939,5.07151,4.54077,4.53754,4.53524,4.39894,4.21805,4.00023,3.7329,3.39661,2.96036,2.37332,1.54555,1.22952,0.98729,0.700536,0.379929,0.0384378,0,0,0,0,0,0,0,0,0,0,0,0,0,0,0,0,0,0,0,0,0,0,0,0,0,0,0,0,0,0,0,0,0,0,0,0,0,0,0
3.9,8.05095,8.05083,8.05055,8.04996,8.04868,7.37215,7.43363,7.43302,7.43403,7.33097,7.31587,7.29549,7.26847,7.23231,6.64861,6.26411,6.17869,6.11828,6.06563,5.95614,5.82957,5.6791,5.48842,5.31126,5.13125,4.54453,4.54085,4.53831,4.39897,4.21883,4.00211,3.73619,3.40199,2.9687,2.38648,1.56647,1.26737,1.03458,0.760574,0.449418,0.113428,0,0,0,0,0,0,0,0,0,0,0,0,0,0,0,0,0,0,0,0,0,0,0,0,0,0,0,0,0,0,0,0,0,0,0,0,0,0,0
4,8.05095,8.05085,8.05063,8.05014,7.36606,7.36662,7.36765,7.39364,7.3941,7.28839,7.2711,7.24813,7.21818,7.18137,6.39653,6.24436,6.15359,6.09035,6.02491,5.91403,5.78767,5.638,5.45131,5.345,5.18555,4.56775,4.54426,4.54125,4.39827,4.21877,4.0029,3.73812,3.40551,2.97488,2.39656,1.58412,1.30044,1.07841,0.815477,0.512913,0.185059,0,0,0,0,0,0,0,0,0,0,0,0,0,0,0,0,0,0,0,0,0,0,0,0,0,0,0,0,0,0,0,0,0,0,0,0,0,0,0
4.1,8.05096,8.05087,8.05069,7.36387,7.36402,7.37693,7.3764,7.37635,7.28256,7.26889,7.25046,7.22623,7.19651,6.66858,6.36138,6.22272,6.12774,6.06238,5.98224,5.87097,5.74387,5.59376,5.46035,5.37276,5.22581,4.64974,4.54761,4.54436,4.39692,4.2179,4.00277,3.73897,3.40767,2.97902,2.40393,1.59689,1.33126,1.11752,0.86504,0.573533,0.251612,0,0,0,0,0,0,0,0,0,0,0,0,0,0,0,0,0,0,0,0,0,0,0,0,0,0,0,0,0,0,0,0,0,0,0,0,0,0,0
4.2,8.05069,8.04951,8.0476,7.37039,7.36922,7.36866,7.36847,7.3685,7.27354,7.25927,7.24013,7.21551,7.18476,6.4492,6.32344,6.19724,6.10181,6.03323,5.93913,5.82661,5.69772,5.54577,5.47488,5.39596,5.21463,4.73941,4.55096,4.54605,4.39497,4.21637,4.00164,3.73862,3.4084,2.98132,2.40881,1.60631,1.36018,1.15244,0.9107,0.628673,0.317094,0,0,0,0,0,0,0,0,0,0,0,0,0,0,0,0,0,0,0,0,0,0,0,0,0,0,0,0,0,0,0,0,0,0,0,0,0,0,0
4.3,8.05075,8.04982,7.36675,7.3657,7.36522,7.365,7.36494,7.27975,7.26885,7.25405,7.23432,6.75915,6.72495,6.54556,6.2846,6.16917,6.07424,5.99779,5.89526,5.78049,5.64862,5.53732,5.48763,5.41571,5.19146,4.8279,4.55425,4.54349,4.39247,4.21398,3.99978,3.73726,3.40777,2.98175,2.4108,1.61312,1.38613,1.18834,0.952956,0.680314,0.37511,0.0588893,0,0,0,0,0,0,0,0,0,0,0,0,0,0,0,0,0,0,0,0,0,0,0,0,0,0,0,0,0,0,0,0,0,0,0,0,0,0
4.4,8.0508,8.05006,7.36415,7.36372,7.36351,7.36341,7.36336,7.27738,7.26609,6.80521,6.78421,6.75714,6.64873,6.62443,6.29144,6.13761,6.04511,5.95525,5.85024,5.73212,5.59589,5.54552,5.49906,5.43282,5.15378,4.90538,4.57058,4.54051,4.38945,4.21111,3.99707,3.73495,3.40508,2.98088,2.41154,1.61543,1.41033,1.21871,0.990721,0.728225,0.430304,0.114596,0,0,0,0,0,0,0,0,0,0,0,0,0,0,0,0,0,0,0,0,0,0,0,0,0,0,0,0,0,0,0,0,0,0,0,0,0,0
4.5,8.05083,7.36372,7.36309,7.3629,7.36279,7.36271,6.84111,6.83221,6.82015,6.8039,6.67925,6.66568,6.64767,6.62318,6.50402,6.10426,6.01111,5.91219,5.8036,5.68085,5.58574,5.55321,5.50945,5.44787,5.17211,4.9679,4.62971,4.53716,4.38599,4.20758,3.99364,3.73175,3.40287,2.97846,2.40958,1.61544,1.43257,1.2475,1.0274,0.77162,0.481464,0.171726,0,0,0,0,0,0,0,0,0,0,0,0,0,0,0,0,0,0,0,0,0,0,0,0,0,0,0,0,0,0,0,0,0,0,0,0,0,0
4.6,8.05086,7.36293,7.36266,7.36256,7.36248,6.92029,6.84063,6.83152,6.81917,6.80255,6.67848,6.66476,6.64661,6.62193,6.58553,6.06956,5.97129,5.8682,5.75474,5.6259,5.59163,5.5606,5.51917,5.41763,5.1973,5.018,4.69319,4.53346,4.38204,4.20356,3.98956,3.72762,3.39953,2.97436,2.40494,1.61244,1.45269,1.27363,1.06014,0.81193,0.53054,0.227111,0,0,0,0,0,0,0,0,0,0,0,0,0,0,0,0,0,0,0,0,0,0,0,0,0,0,0,0,0,0,0,0,0,0,0,0,0,0
4.7,8.05087,7.36262,7.36249,7.36242,6.92046,6.84707,6.84015,6.83082,6.81816,6.68823,6.67771,6.66384,6.64555,6.62068,6.5839,6.36667,5.93151,5.82273,5.70298,5.62053,5.59759,5.56789,5.52843,5.35906,5.21889,5.05838,4.75761,4.52944,4.3777,4.19914,3.98485,3.72289,3.39401,2.96906,2.40043,1.61711,1.47151,1.29743,1.09106,0.849537,0.575751,0.276492,0,0,0,0,0,0,0,0,0,0,0,0,0,0,0,0,0,0,0,0,0,0,0,0,0,0,0,0,0,0,0,0,0,0,0,0,0,0
4.8,8.05089,7.3625,7.03559,7.03552,7.03544,6.84674,6.83965,6.83009,6.69568,6.68762,6.67694,6.66294,6.6445,6.61945,6.58228,6.46618,5.89137,5.7752,5.64744,5.62585,5.60381,5.57527,5.53753,5.32991,5.23773,5.09144,4.81691,4.52512,4.37298,4.194,3.97952,3.71719,3.38795,2.9626,2.39343,1.63039,1.48925,1.32015,1.11822,0.884668,0.617983,0.323951,0.0218305,0,0,0,0,0,0,0,0,0,0,0,0,0,0,0,0,0,0,0,0,0,0,0,0,0,0,0,0,0,0,0,0,0,0,0,0,0
4.9,8.05089,7.36245,7.03558,7.03552,7.03544,7.00535,6.83915,6.70128,6.69523,6.68701,6.67618,6.66204,6.64347,6.61824,6.58069,6.51255,5.88061,5.72474,5.64817,5.63168,5.61053,5.58306,5.53901,5.34305,5.25454,5.1191,4.86893,4.52053,4.36796,4.1885,3.97373,3.71047,3.38119,2.95494,2.38393,1.64296,1.50584,1.34093,1.14569,0.917017,0.656223,0.36951,0.0705692,0,0,0,0,0,0,0,0,0,0,0,0,0,0,0,0,0,0,0,0,0,0,0,0,0,0,0,0,0,0,0,0,0,0,0,0,0
5,8.0509,7.03563,7.03558,7.03552,7.00748,7.0052,6.70545,6.70095,6.69477,6.6864,6.67542,6.66115,6.64245,6.61705,6.57917,6.50972,5.87002,5.67171,5.65385,5.63826,5.61801,5.59153,5.47969,5.35587,5.2698,5.14254,4.91349,4.51571,4.36257,4.18267,3.96734,3.70385,3.37332,2.94602,2.37423,1.65405,1.52023,1.35983,1.16985,0.947197,0.691979,0.411381,0.115437,0,0,0,0,0,0,0,0,0,0,0,0,0,0,0,0,0,0,0,0,0,0,0,0,0,0,0,0,0,0,0,0,0,0,0,0,0
5.1,8.0509,7.03563,7.03558,7.01295,7.0129,7.00506,6.70523,6.70063,6.69431,6.68579,6.67467,6.66027,6.64145,6.61588,6.57749,6.50695,5.8685,5.67121,5.66027,5.64575,5.62663,5.60116,5.43874,5.36853,5.28385,5.16274,4.9508,4.51064,4.3569,4.17644,3.9605,3.69635,3.36471,2.93617,2.36242,1.6648,1.53381,1.37758,1.19243,0.975299,0.726444,0.450544,0.159581,0,0,0,0,0,0,0,0,0,0,0,0,0,0,0,0,0,0,0,0,0,0,0,0,0,0,0,0,0,0,0,0,0,0,0,0,0
5.2,7.36248,7.03563,7.01298,7.01294,7.0129,7.00491,6.70501,6.7003,6.69385,6.68519,6.67393,6.65941,6.64048,6.61475,6.57613,6.50428,5.86748,5.677,5.66739,5.65434,5.63657,5.61241,5.45433,5.38135,5.29712,5.18046,4.98228,4.50539,4.3569,4.16977,3.95328,3.68825,3.35535,2.92529,2.34954,1.67421,1.54644,1.39397,1.21321,1.00181,0.757872,0.487191,0.198861,0,0,0,0,0,0,0,0,0,0,0,0,0,0,0,0,0,0,0,0,0,0,0,0,0,0,0,0,0,0,0,0,0,0,0,0,0
5.3,7.36247,7.013,7.01297,7.01294,7.01288,7.01282,6.70478,6.69997,6.69339,6.68458,6.6732,6.65857,6.63953,6.61365,6.57483,6.50171,6.20456,5.68247,5.67424,5.663,5.64732,5.62524,5.47195,5.39471,5.30983,5.19621,5.00857,4.53716,4.34473,4.16298,3.94546,3.67946,3.34555,2.91306,2.3338,1.68366,1.55915,1.409,1.2331,1.02548,0.787265,0.521883,0.236008,0,0,0,0,0,0,0,0,0,0,0,0,0,0,0,0,0,0,0,0,0,0,0,0,0,0,0,0,0,0,0,0,0,0,0,0,0
5.4,7.03567,7.013,7.01297,7.01293,7.01287,6.71639,6.71611,6.69965,6.69293,6.68399,6.67248,6.65774,6.6386,6.61259,6.57338,6.49926,6.18504,5.68651,5.67943,5.66986,5.65662,5.58892,5.49252,5.40897,5.32231,5.21043,5.03075,4.56845,4.33826,4.15556,3.93733,3.67027,3.33494,2.90045,2.31811,1.69194,1.56907,1.42319,1.25014,1.04806,0.814335,0.554828,0.274098,0,0,0,0,0,0,0,0,0,0,0,0,0,0,0,0,0,0,0,0,0,0,0,0,0,0,0,0,0,0,0,0,0,0,0,0,0
5.5,7.01302,7.013,7.01296,7.01292,7.01286,6.71638,6.7161,6.69932,6.69248,6.6834,6.67178,6.65695,6.63771,6.61157,6.57205,6.49696,6.16555,5.68832,5.68219,5.67432,5.66317,5.61702,5.51711,5.42456,5.33477,5.22343,5.04938,4.59267,4.33165,4.14803,3.9288,3.66055,3.32328,2.88651,2.30131,1.69969,1.57879,1.43611,1.2669,1.06872,0.840168,0.583993,0.307731,0.0255682,0,0,0,0,0,0,0,0,0,0,0,0,0,0,0,0,0,0,0,0,0,0,0,0,0,0,0,0,0,0,0,0,0,0,0,0
5.6,7.01302,7.01299,7.01296,7.01291,7.01285,6.71636,6.71609,6.71564,6.69203,6.68282,6.67109,6.65617,6.63685,6.61059,6.57082,6.49482,6.14646,5.6886,5.68255,5.67482,5.66496,5.63999,5.54618,5.44219,5.34755,5.23548,5.06513,4.61072,4.32471,4.14023,3.91981,3.65026,3.31118,2.87178,2.28132,1.70656,1.58832,1.44821,1.28246,1.08791,0.864094,0.612353,0.343607,0.0607329,0,0,0,0,0,0,0,0,0,0,0,0,0,0,0,0,0,0,0,0,0,0,0,0,0,0,0,0,0,0,0,0,0,0,0,0
5.7,7.01302,7.01299,7.01295,7.0129,7.01284,6.71635,6.71607,6.71563,6.71494,6.68226,6.67042,6.65541,6.63602,6.60966,6.56968,6.49286,6.12822,5.68883,5.68286,5.67524,5.66554,5.6531,5.57757,5.46276,5.36098,5.24688,5.07846,4.62333,4.31762,4.13216,3.91066,3.63952,3.29887,2.85654,2.26212,1.71307,1.59661,1.45924,1.29658,1.10547,0.885865,0.638916,0.37013,0.0928638,0,0,0,0,0,0,0,0,0,0,0,0,0,0,0,0,0,0,0,0,0,0,0,0,0,0,0,0,0,0,0,0,0,0,0,0
5.8,7.01302,7.01298,7.01294,7.01289,7.01283,6.71633,6.71605,6.71561,6.71493,6.6817,6.66977,6.65469,6.63523,6.60878,6.56861,6.4911,6.11133,5.68902,5.68312,5.67558,5.66599,5.65376,5.60613,5.48739,5.37545,5.25792,5.08962,4.63104,4.31039,4.12387,3.90109,3.62832,3.28485,2.83946,2.24096,1.71916,1.60499,1.46993,1.30939,1.12233,0.906941,0.662588,0.398298,0.124334,0,0,0,0,0,0,0,0,0,0,0,0,0,0,0,0,0,0,0,0,0,0,0,0,0,0,0,0,0,0,0,0,0,0,0,0
5.9,7.01301,7.01297,7.01292,7.01287,6.71648,6.71631,6.71603,6.7156,6.71493,6.68116,6.66914,6.65399,6.63447,6.60796,6.56764,6.48955,6.09636,5.68917,5.68332,5.67589,5.66638,5.65426,5.62924,5.51701,5.39155,5.26877,5.09893,4.63431,4.30293,4.11526,3.89123,3.61796,3.27135,2.82223,2.21874,1.72489,1.61218,1.4793,1.32157,1.13739,0.925415,0.684327,0.424389,0.150923,0,0,0,0,0,0,0,0,0,0,0,0,0,0,0,0,0,0,0,0,0,0,0,0,0,0,0,0,0,0,0,0,0,0,0,0
6,7.013,7.01295,7.01289,6.86494,6.86485,6.71625,6.716,6.71558,6.71492,6.71392,6.66853,6.65332,6.63376,6.60719,6.56675,6.48821,6.08337,5.68929,5.68348,5.67608,5.66664,5.65468,5.63927,5.5502,5.41003,5.27967,5.09235,4.63341,4.29538,4.10652,3.881,3.60477,3.25661,2.8042,2.19639,1.72963,1.61871,1.48771,1.33278,1.1517,0.943224,0.706951,0.447688,0.178463,0,0,0,0,0,0,0,0,0,0,0,0,0,0,0,0,0,0,0,0,0,0,0,0,0,0,0,0,0,0,0,0,0,0,0,0
6.1,8.17175,7.01292,6.86497,6.86488,6.86478,6.71616,6.7159,6.71551,6.7149,6.71392,6.66794,6.65269,6.63309,6.60648,6.56596,6.48712,6.07461,5.68937,5.6836,5.67623,5.66688,5.65496,5.63968,5.58171,5.43191,5.29093,5.08462,4.62853,4.28764,4.09741,3.87053,3.59227,3.24177,2.78529,2.1711,1.73427,1.62484,1.49565,1.34297,1.16445,0.958698,0.727571,0.471628,0.203379,0,0,0,0,0,0,0,0,0,0,0,0,0,0,0,0,0,0,0,0,0,0,0,0,0,0,0,0,0,0,0,0,0,0,0,0
6.2,8.17174,7.01289,6.86491,6.86481,6.8647,6.71604,6.71578,6.7154,6.71483,6.71395,6.71255,6.65209,6.63246,6.60583,6.56528,6.48627,6.0686,5.68942,5.68366,5.67632,5.66701,5.65515,5.63991,5.60746,5.4587,5.30273,5.07611,4.61974,4.27977,4.08824,3.85968,3.57951,3.22582,2.76566,2.14494,1.73857,1.63106,1.5025,1.35229,1.17694,0.973807,0.744125,0.493187,0.227354,0,0,0,0,0,0,0,0,0,0,0,0,0,0,0,0,0,0,0,0,0,0,0,0,0,0,0,0,0,0,0,0,0,0,0,0
6.3,8.17173,6.86497,6.86485,6.86473,6.86459,6.71589,6.71561,6.71524,6.7147,6.71389,6.71266,6.65152,6.63187,6.60523,6.56469,6.48567,6.06657,5.68942,5.6837,5.67636,5.66708,5.65521,5.64005,5.62033,5.49146,5.31571,5.06692,4.60692,4.27179,4.07876,3.8486,3.56639,3.20758,2.74548,2.1179,1.74229,1.63559,1.50985,1.36144,1.18811,0.987955,0.761853,0.513675,0.250428,0,0,0,0,0,0,0,0,0,0,0,0,0,0,0,0,0,0,0,0,0,0,0,0,0,0,0,0,0,0,0,0,0,0,0,0
6.4,8.17172,6.86491,6.86477,6.86462,6.86445,6.7157,6.71541,6.71503,6.7145,6.71375,6.71263,6.71054,6.63133,6.6047,6.5642,6.48533,6.06853,5.68941,5.68365,5.67634,5.66703,5.65521,5.64003,5.62028,5.52822,5.33023,5.05709,4.58986,4.26359,4.06928,3.83732,3.55261,3.19247,2.72003,2.09014,1.74566,1.64033,1.5158,1.36974,1.1982,0.999882,0.776926,0.530984,0.270868,0.00716732,0,0,0,0,0,0,0,0,0,0,0,0,0,0,0,0,0,0,0,0,0,0,0,0,0,0,0,0,0,0,0,0,0,0,0
6.5,8.1717,6.86484,6.86467,6.86448,6.86429,6.86409,6.71515,6.71475,6.71424,6.71352,6.71249,6.7106,6.70721,6.60424,6.56382,6.48525,6.07442,5.68934,5.68359,5.67625,5.66694,5.65507,5.63985,5.6201,5.56214,5.344,5.04667,4.56811,4.25546,4.05936,3.82552,3.53864,3.17574,2.7013,2.05959,1.74881,1.64454,1.52102,1.37664,1.20795,1.01321,0.791655,0.548349,0.289551,0.0263592,0,0,0,0,0,0,0,0,0,0,0,0,0,0,0,0,0,0,0,0,0,0,0,0,0,0,0,0,0,0,0,0,0,0,0
6.6,8.17169,6.86476,6.86454,6.86431,6.86408,6.86386,6.71483,6.71442,6.7139,6.71321,6.71224,6.7105,6.70746,6.60383,6.56355,6.48543,6.08396,5.68926,5.68348,5.67612,5.66676,5.65485,5.63956,5.61971,5.58885,5.35067,5.03569,4.54099,4.24711,4.04955,3.81384,3.52424,3.15771,2.67833,2.02887,1.75161,1.64843,1.52585,1.38341,1.21634,1.02362,0.805375,0.564371,0.307657,0.0471231,0,0,0,0,0,0,0,0,0,0,0,0,0,0,0,0,0,0,0,0,0,0,0,0,0,0,0,0,0,0,0,0,0,0,0
6.7,8.17167,8.02669,6.86437,6.8641,6.86383,6.86357,6.71445,6.714,6.71347,6.71279,6.71187,6.71025,6.70749,6.70277,6.56338,6.48586,6.09677,5.68914,5.68333,5.67592,5.66651,5.65441,5.63916,5.61912,5.59241,5.36303,5.02413,4.50748,4.23867,4.03949,3.80174,3.50944,3.13909,2.6547,1.99743,1.75458,1.6513,1.53067,1.38955,1.22425,1.03364,0.817343,0.578044,0.323433,0.0657308,0,0,0,0,0,0,0,0,0,0,0,0,0,0,0,0,0,0,0,0,0,0,0,0,0,0,0,0,0,0,0,0,0,0,0
6.8,8.17164,8.02656,6.86417,6.86384,6.86352,6.86321,6.71398,6.7135,6.71295,6.71227,6.71138,6.70986,6.70733,6.70305,6.69571,6.48654,6.11221,5.68898,5.68313,5.67567,5.66621,5.65409,5.63857,5.61835,5.59129,5.38373,5.01192,4.46627,4.23012,4.02917,3.78983,3.4939,3.12023,2.63001,1.96317,1.7563,1.65473,1.53526,1.39484,1.23079,1.04296,0.827973,0.592674,0.339803,0.0808911,0,0,0,0,0,0,0,0,0,0,0,0,0,0,0,0,0,0,0,0,0,0,0,0,0,0,0,0,0,0,0,0,0,0,0
6.9,8.17162,8.02499,6.86391,6.86351,6.86314,6.86278,6.86246,6.7129,6.71233,6.71164,6.71076,6.70936,6.70697,6.70307,6.69643,6.48747,6.12977,5.6888,5.68289,5.67535,5.66578,5.65356,5.63793,5.61736,5.58195,5.40682,4.99895,4.41576,4.22143,4.01873,3.77674,3.47882,3.10065,2.60621,1.96177,1.75811,1.65762,1.54025,1.39996,1.23741,1.05043,0.836289,0.604024,0.352932,0.0975885,0,0,0,0,0,0,0,0,0,0,0,0,0,0,0,0,0,0,0,0,0,0,0,0,0,0,0,0,0,0,0,0,0,0,0
7,8.17159,8.02499,8.02463,6.86311,6.86267,6.86226,6.8619,6.71218,6.71158,6.71088,6.71001,6.70863,6.70643,6.70283,6.69679,6.48863,6.14884,5.68858,5.68258,5.67498,5.66529,5.65292,5.63702,5.59787,5.50521,5.36719,4.96679,4.3829,4.21277,4.00815,3.76213,3.4626,3.08046,2.57464,1.95384,1.75973,1.65973,1.54354,1.4048,1.24335,1.05736,0.847991,0.615592,0.367036,0.112135,0,0,0,0,0,0,0,0,0,0,0,0,0,0,0,0,0,0,0,0,0,0,0,0,0,0,0,0,0,0,0,0,0,0,0
7.1,8.02757,8.02605,8.0242,6.86261,6.86209,6.86163,6.86123,6.71133,6.71069,6.70997,6.70911,6.70778,6.70569,6.70234,6.69678,6.68731,6.16841,5.68833,5.68227,5.67454,5.66473,5.65218,5.60534,5.51733,5.41543,5.29599,4.91889,4.45429,4.15897,3.98726,3.75068,3.44548,3.05985,2.50904,1.94333,1.7604,1.66186,1.54487,1.40798,1.24808,1.06463,0.8566,0.62621,0.378727,0.124401,0,0,0,0,0,0,0,0,0,0,0,0,0,0,0,0,0,0,0,0,0,0,0,0,0,0,0,0,0,0,0,0,0,0,0
7.2,8.02757,8.02582,8.02372,6.862,6.86139,6.86087,6.86043,6.71031,6.70964,6.70891,6.70805,6.70675,6.70475,6.70161,6.69645,6.68775,6.18937,5.68803,5.68188,5.67405,5.66408,5.60634,5.52092,5.42205,5.30764,5.2159,4.84011,4.49474,4.07036,3.88304,3.66731,3.41395,3.03854,2.47751,1.93279,1.76322,1.66339,1.54736,1.41136,1.25238,1.07048,0.863903,0.634812,0.388845,0.137098,0,0,0,0,0,0,0,0,0,0,0,0,0,0,0,0,0,0,0,0,0,0,0,0,0,0,0,0,0,0,0,0,0,0,0
7.3,8.02727,8.02557,8.02317,8.02027,6.86054,6.85995,6.85948,6.70911,6.70841,6.70767,6.70681,6.70553,6.70361,6.70073,6.69582,6.68776,6.20995,5.68771,5.68145,5.67349,5.60201,5.51778,5.41997,5.3401,5.26607,5.15918,4.72508,4.38035,4.07569,3.78319,3.50365,3.17999,2.82989,2.44513,1.91916,1.76444,1.66463,1.5493,1.41421,1.25671,1.07566,0.870423,0.643645,0.39861,0.148399,0,0,0,0,0,0,0,0,0,0,0,0,0,0,0,0,0,0,0,0,0,0,0,0,0,0,0,0,0,0,0,0,0,0,0
7.4,9.16135,8.02528,8.02255,8.01927,6.8595,6.85885,6.85835,6.85795,6.70698,6.70622,6.70536,6.70412,6.70228,6.69943,6.69489,6.68736,6.6745,5.68733,5.66509,5.59301,5.50886,5.41521,5.37098,5.30791,5.21847,5.07306,4.58907,4.24303,3.93942,3.64449,3.34327,3.02236,2.66676,2.26071,1.8323,1.76144,1.66628,1.5493,1.41662,1.26044,1.08041,0.876046,0.650931,0.407904,0.157341,0,0,0,0,0,0,0,0,0,0,0,0,0,0,0,0,0,0,0,0,0,0,0,0,0,0,0,0,0,0,0,0,0,0,0
7.5,9.16092,8.02496,8.02184,8.01801,8.01416,6.85754,6.85701,6.85661,6.70531,6.70455,6.7037,6.70249,6.70068,6.69796,6.69366,6.68657,6.67455,5.65221,5.5797,5.49459,5.4337,5.39633,5.34357,5.2685,5.15954,4.90767,4.44397,4.10251,3.80218,3.50728,3.20026,2.86855,2.49562,2.06307,1.8053,1.7305,1.64543,1.55014,1.41925,1.26308,1.08479,0.881025,0.656382,0.416036,0.165368,0,0,0,0,0,0,0,0,0,0,0,0,0,0,0,0,0,0,0,0,0,0,0,0,0,0,0,0,0,0,0,0,0,0,0
7.6,9.16097,8.02459,8.02104,8.01796,8.01243,6.85598,6.85544,6.85506,6.70338,6.70263,6.7018,6.70063,6.69886,6.69624,6.69213,6.68544,6.67408,5.56218,5.47507,5.44916,5.41777,5.37343,5.31017,5.21857,5.00109,4.74816,4.32733,3.96584,3.66616,3.36924,3.05515,2.70904,2.31419,1.85019,1.77721,1.69766,1.60709,1.50485,1.39132,1.26426,1.08682,0.885885,0.663792,0.42288,0.173476,0,0,0,0,0,0,0,0,0,0,0,0,0,0,0,0,0,0,0,0,0,0,0,0,0,0,0,0,0,0,0,0,0,0,0
7.7,9.16127,8.02417,8.02013,8.01544,8.01051,6.85414,6.85361,6.85328,6.70117,6.70044,6.69963,6.69852,6.69679,6.69426,6.69031,6.6839,6.67313,5.4808,5.46217,5.43579,5.39844,5.34558,5.26842,5.08873,4.83692,4.59632,4.2253,3.82818,3.53154,3.22954,2.90513,2.54102,2.12025,1.82138,1.74643,1.66176,1.56588,1.45768,1.33552,1.2007,1.05221,0.888456,0.6664,0.428163,0.180274,0,0,0,0,0,0,0,0,0,0,0,0,0,0,0,0,0,0,0,0,0,0,0,0,0,0,0,0,0,0,0,0,0,0,0
7.8,9.16096,9.15614,8.0191,8.01539,8.00837,8.0034,6.8515,6.85123,6.8511,6.69795,6.69719,6.69615,6.69446,6.692,6.68819,6.68203,6.67171,5.47836,5.45103,5.41941,5.3747,5.31031,5.17221,4.9202,4.6807,4.44908,4.10579,3.69439,3.39626,3.08709,2.7487,2.36316,1.91012,1.79378,1.71418,1.62382,1.52132,1.40579,1.27602,1.13179,0.975159,0.805441,0.625764,0.432644,0.186474,0,0,0,0,0,0,0,0,0,0,0,0,0,0,0,0,0,0,0,0,0,0,0,0,0,0,0,0,0,0,0,0,0,0,0
7.9,9.16108,9.15649,8.01793,8.01201,8.00599,8.00064,6.84909,6.84892,6.8489,6.69515,6.69445,6.6935,6.69185,6.68946,6.68576,6.67981,6.66986,5.48044,5.45061,5.39955,5.34561,5.24949,4.99839,4.76002,4.53264,4.31043,3.98436,3.56131,3.2593,2.94036,2.58406,2.17115,1.83929,1.7645,1.67927,1.58206,1.47279,1.35011,1.21148,1.05947,0.892656,0.714034,0.52744,0.336133,0.145039,0,0,0,0,0,0,0,0,0,0,0,0,0,0,0,0,0,0,0,0,0,0,0,0,0,0,0,0,0,0,0,0,0,0,0
8,9.16136,9.15681,9.14692,8.01194,8.00336,7.99763,7.99296,6.84635,6.84646,6.69202,6.69139,6.69056,6.68896,6.68663,6.68303,6.67724,6.66758,5.48236,5.4541,5.40149,5.30843,5.07053,4.83325,4.60877,4.39178,4.17659,3.86324,3.42874,3.12105,2.78738,2.40886,1.96386,1.813,1.73308,1.64148,1.53828,1.42102,1.28854,1.14047,0.978971,0.803647,0.616029,0.423005,0.225983,0.0370938,0,0,0,0,0,0,0,0,0,0,0,0,0,0,0,0,0,0,0,0,0,0,0,0,0,0,0,0,0,0,0,0,0,0,0