,200.0,217.949,235.897,253.846,271.795,289.744,307.692,325.641,343.59,361.538,379.487,397.436,415.385,433.333,451.282,469.231,487.179,505.128,523.077,541.026,558.974,576.923,594.872,612.821,630.769,648.718,666.667,684.615,702.564,720.513,738.462,756.41,774.359,792.308,810.256,828.205,846.154,864.103,882.051,900.0,917.949,935.897,953.846,971.795,989.744,1007.69,1025.64,1043.59,1061.54,1079.49,1097.44,1115.38,1133.33,1151.28,1169.23,1187.18,1205.13,1223.08,1241.03,1258.97,1276.92,1294.87,1312.82,1330.77,1348.72,1366.67,1384.62,1402.56,1420.51,1438.46,1456.41,1474.36,1492.31,1510.26,1528.21,1546.15,1564.1,1582.05,1600.0
0.0001,1.40762,1.40762,1.40762,1.40762,1.40762,1.40762,1.40762,1.40762,1.40762,1.40762,1.40762,1.40762,1.40762,1.40762,1.40762,1.40762,1.40762,1.40762,1.40762,1.40762,0.427462,0.214172,0.156997,0.137645,0.135727,0.0,0.0,0.0,0.0,0.0,0.0,0.0,0.0,0.0,0.0,0.0,0.0,0.0,0.0,0.0,0.0,0.0,0.0,0.0,0.0,0.0,0.0,0.0,0.0,0.0,0.0,0.0,0.0,0.0,0.0,0.0,0.0,0.0,0.0,0.0,0.0,0.0,0.0,0.0,0.0,0.0,0.0,0.0,0.0,0.0,0.0,0.0,0.0,0.0,0.0,0.0,0.0,0.0,0.0
0.102663,1.40762,1.40762,1.40762,1.40762,1.40762,1.40762,1.40762,1.40762,1.40762,1.40762,1.40762,1.40762,1.40762,1.40762,1.40762,1.40762,1.40762,1.40762,1.40762,1.40762,1.40762,1.40762,1.40762,1.40762,1.40762,1.40762,1.40762,1.40762,1.40762,1.40762,1.40762,1.27999,0.958804,0.759687,0.266226,0.129399,0.122092,0.11955,0.116841,0.11396,0.110902,0.0435205,0.0,0.0,0.0,0.0,0.0,0.0,0.0,0.0,0.0,0.0,0.0,0.0,0.0,0.0,0.0,0.0,0.0,0.0,0.0,0.0,0.0,0.0,0.0,0.0,0.0,0.0,0.0,0.0,0.0,0.0,0.0,0.0,0.0,0.0,0.0,0.0,0.0
0.20522600000000002,1.40762,1.40762,1.40762,1.40762,1.40762,1.40762,1.40762,1.40762,1.40762,1.40762,1.40762,1.40762,1.40762,1.40762,1.40762,1.40762,1.40762,1.40762,1.40762,1.40762,1.40762,1.40762,1.40762,1.40762,1.40762,1.40762,1.40762,1.40762,1.40762,1.40762,1.40762,1.40762,1.26361,1.02202,0.73073,0.460925,0.124261,0.117748,0.115005,0.111151,0.10904,0.105808,0.102405,0.0543084,0.0,0.0,0.0,0.0,0.0,0.0,0.0,0.0,0.0,0.0,0.0,0.0,0.0,0.0,0.0,0.0,0.0,0.0,0.0,0.0,0.0,0.0,0.0,0.0,0.0,0.0,0.0,0.0,0.0,0.0,0.0,0.0,0.0,0.0,0.0
0.307788,1.40762,1.40762,1.40762,1.40762,1.40762,1.40762,1.40762,1.40762,1.40762,1.40762,1.40762,1.40762,1.40762,1.40762,1.40762,1.40762,1.40762,1.40762,1.40762,1.40762,1.40762,1.40762,1.40762,1.40762,1.40762,1.40762,1.40762,1.40762,1.40762,1.40762,1.40762,1.40762,1.40762,1.40762,0.947781,0.659983,0.375706,0.115249,0.111791,0.10914,0.105846,0.102792,0.0992546,0.0955513,0.0836441,0.0302714,0.000234205,0.0,0.0,0.0,0.0,0.0,0.0,0.0,0.0,0.0,0.0,0.0,0.0,0.0,0.0,0.0,0.0,0.0,0.0,0.0,0.0,0.0,0.0,0.0,0.0,0.0,0.0,0.0,0.0,0.0,0.0,0.0,0.0
0.410351,1.40762,1.40762,1.40762,1.40762,1.40762,1.40762,1.40762,1.40762,1.40762,1.40762,1.40762,1.40762,1.40762,1.40762,1.40762,1.40762,1.40762,1.40762,1.40762,1.40762,1.40762,1.40762,1.40762,1.40762,1.40762,1.40762,1.40762,1.40762,1.40762,1.40762,1.40762,1.40762,1.40762,1.40762,1.39345,0.834033,0.616861,0.187993,0.10924,0.105827,0.102652,0.0991095,0.0811173,0.0628764,0.060644,0.058335,0.0559492,0.0534852,0.0505317,0.0216764,0.0,0.0,0.0,0.0,0.0,0.0,0.0,0.0,0.0,0.0,0.0,0.0,0.0,0.0,0.0,0.0,0.0,0.0,0.0,0.0,0.0,0.0,0.0,0.0,0.0,0.0,0.0,0.0,0.0
0.512914,1.40762,1.40762,1.40762,1.40762,1.40762,1.40762,1.40762,1.40762,1.40762,1.40762,1.40762,1.40762,1.40762,1.40762,1.40762,1.40762,1.40762,1.40762,1.40762,1.40762,1.40762,1.40762,1.40762,1.40762,1.40762,1.40762,1.40762,1.40762,1.40762,1.40762,1.40762,1.40762,1.40762,1.40762,1.40762,1.2655,0.683407,0.492453,0.105117,0.0954645,0.0735631,0.0653228,0.0631617,0.0609248,0.0586117,0.0562217,0.0537547,0.0512091,0.0485854,0.0447564,0.0403233,0.0356396,0.030689,0.0,0.0,0.0,0.0,0.0,0.0,0.0,0.0,0.0,0.0,0.0,0.0,0.0,0.0,0.0,0.0,0.0,0.0,0.0,0.0,0.0,0.0,0.0,0.0,0.0,0.0
0.615477,1.40762,1.40762,1.40762,1.40762,1.40762,1.40762,1.40762,1.40762,1.40762,1.40762,1.40762,1.40762,1.40762,1.40762,1.40762,1.40762,1.40762,1.40762,1.40762,1.40762,1.40762,1.40762,1.40762,1.40762,1.40762,1.40762,1.40762,1.40762,1.40762,1.40762,1.40762,1.40762,1.40762,1.40762,1.40762,1.40762,1.40762,0.640571,0.376763,0.0676058,0.0655046,0.0633277,0.0610743,0.058744,0.0556355,0.0517801,0.0477152,0.0434343,0.038926,0.0341824,0.0291878,0.0222145,0.0183801,0.0125288,0.00633274,0.0,0.0,0.0,0.0,0.0,0.0,0.0,0.0,0.0,0.0,0.0,0.0,0.0,0.0,0.0,0.0,0.0,0.0,0.0,0.0,0.0,0.0,0.0,0.0
0.71804,1.40762,1.40762,1.40762,1.40762,1.40762,1.40762,1.40762,1.40762,1.40762,1.40762,1.40762,1.40762,1.40762,1.40762,1.40762,1.40762,1.40762,1.40762,1.40762,1.40762,1.40762,1.40762,1.40762,1.40762,1.40762,1.40762,1.40762,1.40762,1.40762,1.40762,1.40762,1.40762,1.40762,1.40762,1.40762,1.40762,1.40762,1.40762,1.40762,0.652049,0.0,0.0,0.0,0.0,0.0,0.0,0.0,0.0,0.0,0.0,0.0,0.0,0.0,0.0,0.0,0.0,0.0,0.0,0.0,0.0,0.0,0.0,0.0,0.0,0.0,0.0,0.0,0.0,0.0,0.0,0.0,0.0,0.0,0.0,0.0,0.0,0.0,0.0,0.0
0.8206030000000001,1.40762,1.40762,1.40762,1.40762,1.40762,1.40762,1.40762,1.40762,1.40762,1.40762,1.40762,1.40762,1.40762,1.40762,1.40762,1.40762,1.40762,1.40762,1.40762,1.40762,1.40762,1.40762,1.40762,1.40762,1.40762,1.40762,1.40762,1.40762,1.40762,1.40762,1.40762,1.40762,1.40762,1.40762,1.40762,1.40762,1.40762,1.40762,1.40762,1.40762,0.664603,0.498392,0.422776,0.0,0.0,0.0,0.0,0.0,0.0,0.0,0.0,0.0,0.0,0.0,0.0,0.0,0.0,0.0,0.0,0.0,0.0,0.0,0.0,0.0,0.0,0.0,0.0,0.0,0.0,0.0,0.0,0.0,0.0,0.0,0.0,0.0,0.0,0.0,0.0
0.923165,1.40762,1.40762,1.40762,1.40762,1.40762,1.40762,1.40762,1.40762,1.40762,1.40762,1.40762,1.40762,1.40762,1.40762,1.40762,1.40762,1.40762,1.40762,1.40762,1.40762,1.40762,1.40762,1.40762,1.40762,1.40762,1.40762,1.40762,1.40762,1.40762,1.40762,1.40762,1.40762,1.40762,1.40762,1.40762,1.40762,1.40762,1.40762,1.40762,1.40762,0.630565,0.582311,0.530757,0.375256,0.286,0.190612,0.0878344,0.0,0.0,0.0,0.0,0.0,0.0,0.0,0.0,0.0,0.0,0.0,0.0,0.0,0.0,0.0,0.0,0.0,0.0,0.0,0.0,0.0,0.0,0.0,0.0,0.0,0.0,0.0,0.0,0.0,0.0,0.0,0.0
1.02573,1.40762,1.40762,1.40762,1.40762,1.40762,1.40762,1.40762,1.40762,1.40762,1.40762,1.40762,1.40762,1.40762,1.40762,1.40762,1.40762,1.40762,1.40762,1.40762,1.40762,1.40762,1.40762,1.40762,1.40762,1.40762,1.40762,1.40762,1.40762,1.40762,1.40762,1.40762,1.40762,1.40762,1.40762,1.40762,1.40762,1.40762,1.40762,1.40762,1.40762,0.587498,0.532753,0.481165,0.422337,0.359234,0.291384,0.105522,0.0,0.0,0.0,0.0,0.0,0.0,0.0,0.0,0.0,0.0,0.0,0.0,0.0,0.0,0.0,0.0,0.0,0.0,0.0,0.0,0.0,0.0,0.0,0.0,0.0,0.0,0.0,0.0,0.0,0.0,0.0,0.0
1.12829,1.40762,1.40762,1.40762,1.40762,1.40762,1.40762,1.40762,1.40762,1.40762,1.40762,1.40762,1.40762,1.40762,1.40762,1.40762,1.40762,1.40762,1.40762,1.40762,1.40762,1.40762,1.40762,1.40762,1.40762,1.40762,1.40762,1.40762,1.40762,1.40762,1.40762,1.40762,1.40762,1.40762,1.40762,1.40762,1.40762,1.40762,1.40762,1.40762,1.40762,1.29338,0.476477,0.417321,0.353908,0.273982,0.21248,0.133315,0.0655549,0.0,0.0,0.0,0.0,0.0,0.0,0.0,0.0,0.0,0.0,0.0,0.0,0.0,0.0,0.0,0.0,0.0,0.0,0.0,0.0,0.0,0.0,0.0,0.0,0.0,0.0,0.0,0.0,0.0,0.0,0.0
1.23085,1.40762,1.40762,1.40762,1.40762,1.40762,1.40762,1.40762,1.40762,1.40762,1.40762,1.40762,1.40762,1.40762,1.40762,1.40762,1.40762,1.40762,1.40762,1.40762,1.40762,1.40762,1.40762,1.40762,1.40762,1.40762,1.40762,1.40762,1.40762,1.40762,1.40762,1.40762,1.40762,1.40762,1.40762,1.40762,1.40762,1.40762,1.40762,1.40762,1.40762,1.20263,0.477445,0.443088,0.262949,0.188584,0.108352,0.0872914,0.0683538,0.0486955,0.0290082,0.00719874,0.0,0.0,0.0,0.0,0.0,0.0,0.0,0.0,0.0,0.0,0.0,0.0,0.0,0.0,0.0,0.0,0.0,0.0,0.0,0.0,0.0,0.0,0.0,0.0,0.0,0.0,0.0,0.0
1.33342,1.40762,1.40762,1.40762,1.40762,1.40762,1.40762,1.40762,1.40762,1.40762,1.40762,1.40762,1.40762,1.40762,1.40762,1.40762,1.40762,1.40762,1.40762,1.40762,1.40762,1.40762,1.40762,1.40762,1.40762,1.40762,1.40762,1.40762,1.40762,1.40762,1.40762,1.40762,1.40762,1.40762,1.40762,1.40762,1.40762,1.40762,1.40762,1.40762,1.40762,0.821845,0.485265,0.335493,0.298486,0.13063,0.112454,0.0936745,0.0742604,0.0517581,0.037838,0.0125254,0.0,0.0,0.0,0.0,0.0,0.0,0.0,0.0,0.0,0.0,0.0,0.0,0.0,0.0,0.0,0.0,0.0,0.0,0.0,0.0,0.0,0.0,0.0,0.0,0.0,0.0,0.0,0.0
1.43598,1.40762,1.40762,1.40762,1.40762,1.40762,1.40762,1.40762,1.40762,1.40762,1.40762,1.40762,1.40762,1.40762,1.40762,1.40762,1.40762,1.40762,1.40762,1.40762,1.40762,1.40762,1.40762,1.40762,1.40762,1.40762,1.40762,1.40762,1.40762,1.40762,1.40762,1.40762,1.40762,1.40762,1.40762,1.40762,1.40762,1.40762,1.40762,1.40762,1.40762,0.762738,0.408013,0.297257,0.127356,0.0440009,0.0326388,0.0202525,0.0608396,0.0643888,0.0440229,0.0207192,0.0,0.0,0.0,0.0,0.0,0.0,0.0,0.0,0.0,0.0,0.0,0.0,0.0,0.0,0.0,0.0,0.0,0.0,0.0,0.0,0.0,0.0,0.0,0.0,0.0,0.0,0.0,0.0
1.53854,1.40762,1.40762,1.40762,1.40762,1.40762,1.40762,1.40762,1.40762,1.40762,1.40762,1.40762,1.40762,1.40762,1.40762,1.40762,1.40762,1.40762,1.40762,1.40762,1.40762,1.40762,1.40762,1.40762,1.40762,1.40762,1.40762,1.40762,1.40762,1.40762,1.40762,1.40762,1.40762,1.40762,1.40762,1.40762,1.40762,1.40762,1.40762,1.40762,0.97204,0.693207,0.316052,0.0494054,0.0394427,0.0277586,0.0170526,0.00497247,0.0,0.0,0.0,0.0,0.0115849,0.0,0.0,0.0,0.0,0.0,0.0,0.0,0.0,0.0,0.0,0.0,0.0,0.0,0.0,0.0,0.0,0.0,0.0,0.0,0.0,0.0,0.0,0.0,0.0,0.0,0.0,0.0
1.6411099999999998,1.40762,1.40762,1.40762,1.40762,1.40762,1.40762,1.40762,1.40762,1.40762,1.40762,1.40762,1.40762,1.40762,1.40762,1.40762,1.40762,1.40762,1.40762,1.40762,1.40762,1.40762,1.40762,1.40762,1.40762,1.40762,1.40762,1.40762,1.40762,1.40762,1.40762,1.40762,1.40762,1.40762,1.40762,1.40762,1.40762,1.40762,1.40762,1.40762,0.907994,0.611314,0.0414088,0.0323563,0.021789,0.0115111,0.0,0.0,0.0,0.0,0.0,0.0,0.0,0.0,0.0,0.0,0.0,0.0,0.0,0.0,0.0,0.0,0.0,0.0,0.0,0.0,0.0,0.0,0.0,0.0,0.0,0.0,0.0,0.0,0.0,0.0,0.0,0.0,0.0,0.0
1.74367,1.40762,1.40762,1.40762,1.40762,1.40762,1.40762,1.40762,1.40762,1.40762,1.40762,1.40762,1.40762,1.40762,1.40762,1.40762,1.40762,1.40762,1.40762,1.40762,1.40762,1.40762,1.40762,1.40762,1.40762,1.40762,1.40762,1.40762,1.40762,1.40762,1.40762,1.40762,1.40762,1.40762,1.40762,1.40762,1.40762,1.40762,1.40762,1.07205,0.832524,0.242822,0.0226268,0.0134889,0.00372145,0.0,0.0,0.0,0.0,0.0,0.0,0.0,0.0,0.0,0.0,0.0,0.0,0.0,0.0,0.0,0.0,0.0,0.0,0.0,0.0,0.0,0.0,0.0,0.0,0.0,0.0,0.0,0.0,0.0,0.0,0.0,0.0,0.0,0.0,0.0
1.84623,1.40762,1.40762,1.40762,1.40762,1.40762,1.40762,1.40762,1.40762,1.40762,1.40762,1.40762,1.40762,1.40762,1.40762,1.40762,1.40762,1.40762,1.40762,1.40762,1.40762,1.40762,1.40762,1.40762,1.40762,1.40762,1.40762,1.40762,1.40762,1.40762,1.40762,1.40762,1.40762,1.40762,1.40762,1.40762,1.40762,1.40762,1.19684,0.999614,0.552007,0.156389,0.00229236,0.0,0.0,0.0,0.0,0.0,0.0,0.0,0.0,0.0,0.0,0.0,0.0,0.0,0.0,0.0,0.0,0.0,0.0,0.0,0.0,0.0,0.0,0.0,0.0,0.0,0.0,0.0,0.0,0.0,0.0,0.0,0.0,0.0,0.0,0.0,0.0,0.0
1.9487900000000002,1.40762,1.40762,1.40762,1.40762,1.40762,1.40762,1.40762,1.40762,1.40762,1.40762,1.40762,1.40762,1.40762,1.40762,1.40762,1.40762,1.40762,1.40762,1.40762,1.40762,1.40762,1.40762,1.40762,1.40762,1.40762,1.40762,1.40762,1.40762,1.40762,1.40762,1.40762,1.40762,1.40762,1.40762,1.40762,1.40762,1.40762,1.12536,0.792844,0.47733,0.0587588,0.0,0.0,0.0,0.0,0.0,0.0,0.0,0.0,0.0,0.0,0.0,0.0,0.0,0.0,0.0,0.0,0.0,0.0,0.0,0.0,0.0,0.0,0.0,0.0,0.0,0.0,0.0,0.0,0.0,0.0,0.0,0.0,0.0,0.0,0.0,0.0,0.0,0.0
2.05136,1.40762,1.40762,1.40762,1.40762,1.40762,1.40762,1.40762,1.40762,1.40762,1.40762,1.40762,1.40762,1.40762,1.40762,1.40762,1.40762,1.40762,1.40762,1.40762,1.40762,1.40762,1.40762,1.40762,1.40762,1.40762,1.40762,1.40762,1.40762,1.40762,1.40762,1.40762,1.40762,1.40762,1.40762,1.40762,1.40762,1.40762,0.971439,0.732286,0.392282,0.0241851,0.0,0.0,0.0,0.0,0.0,0.0,0.0,0.0,0.0,0.0,0.0,0.0,0.0,0.0,0.0,0.0,0.0,0.0,0.0,0.0,0.0,0.0,0.0,0.0,0.0,0.0,0.0,0.0,0.0,0.0,0.0,0.0,0.0,0.0,0.0,0.0,0.0,0.0
2.1539200000000003,1.40762,1.40762,1.40762,1.40762,1.40762,1.40762,1.40762,1.40762,1.40762,1.40762,1.40762,1.40762,1.40762,1.40762,1.40762,1.40762,1.40762,1.40762,1.40762,1.40762,1.40762,1.40762,1.40762,1.40762,1.40762,1.40762,1.40762,1.40762,1.40762,1.40762,1.40762,1.40762,1.40762,1.40762,1.40762,1.40762,1.40762,1.40762,0.66248,0.295893,0.00666188,0.0,0.0,0.0,0.0,0.0,0.0,0.0,0.0,0.0,0.0,0.0,0.0,0.0,0.0,0.0,0.0,0.0,0.0,0.0,0.0,0.0,0.0,0.0,0.0,0.0,0.0,0.0,0.0,0.0,0.0,0.0,0.0,0.0,0.0,0.0,0.0,0.0,0.0
2.25648,1.40762,1.40762,1.40762,1.40762,1.40762,1.40762,1.40762,1.40762,1.40762,1.40762,1.40762,1.40762,1.40762,1.40762,1.40762,1.40762,1.40762,1.40762,1.40762,1.40762,1.40762,1.40762,1.40762,1.40762,1.40762,1.40762,1.40762,1.40762,1.40762,1.40762,1.40762,1.40762,1.40762,1.40762,1.40762,1.40762,1.40762,1.40762,0.581931,0.187228,0.0,0.0,0.0,0.0,0.0,0.0,0.0,0.0,0.0,0.0,0.0,0.0,0.0,0.0,0.0,0.0,0.0,0.0,0.0,0.0,0.0,0.0,0.0,0.0,0.0,0.0,0.0,0.0,0.0,0.0,0.0,0.0,0.0,0.0,0.0,0.0,0.0,0.0,0.0
2.3590400000000002,1.40762,1.40762,1.40762,1.40762,1.40762,1.40762,1.40762,1.40762,1.40762,1.40762,1.40762,1.40762,1.40762,1.40762,1.40762,1.40762,1.40762,1.40762,1.40762,1.40762,1.40762,1.40762,1.40762,1.40762,1.40762,1.40762,1.40762,1.40762,1.40762,1.40762,1.40762,1.40762,1.40762,1.40762,1.40762,1.40762,1.40762,1.40762,1.40762,0.162086,0.0,0.0,0.0,0.0,0.0,0.0,0.0,0.0,0.0,0.0,0.0,0.0,0.0,0.0,0.0,0.0,0.0,0.0,0.0,0.0,0.0,0.0,0.0,0.0,0.0,0.0,0.0,0.0,0.0,0.0,0.0,0.0,0.0,0.0,0.0,0.0,0.0,0.0,0.0
2.46161,1.40762,1.40762,1.40762,1.40762,1.40762,1.40762,1.40762,1.40762,1.40762,1.40762,1.40762,1.40762,1.40762,1.40762,1.40762,1.40762,1.40762,1.40762,1.40762,1.40762,1.40762,1.40762,1.40762,1.40762,1.40762,1.40762,1.40762,1.40762,1.40762,1.40762,1.40762,1.40762,1.40762,1.40762,1.40762,1.40762,1.40762,1.40762,1.40762,1.10687,0.0,0.0,0.0,0.0,0.0,0.0,0.0,0.0,0.0,0.0,0.0,0.0,0.0,0.0,0.0,0.0,0.0,0.0,0.0,0.0,0.0,0.0,0.0,0.0,0.0,0.0,0.0,0.0,0.0,0.0,0.0,0.0,0.0,0.0,0.0,0.0,0.0,0.0,0.0
2.5641700000000003,1.40762,1.40762,1.40762,1.40762,1.40762,1.40762,1.40762,1.40762,1.40762,1.40762,1.40762,1.40762,1.40762,1.40762,1.40762,1.40762,1.40762,1.40762,1.40762,1.40762,1.40762,1.40762,1.40762,1.40762,1.40762,1.40762,1.40762,1.40762,1.40762,1.40762,1.40762,1.40762,1.40762,1.40762,1.40762,1.40762,1.40762,1.40762,1.40762,1.40762,0.0,0.0,0.0,0.0,0.0,0.0,0.0,0.0,0.0,0.0,0.0,0.0,0.0,0.0,0.0,0.0,0.0,0.0,0.0,0.0,0.0,0.0,0.0,0.0,0.0,0.0,0.0,0.0,0.0,0.0,0.0,0.0,0.0,0.0,0.0,0.0,0.0,0.0,0.0
2.66673,1.40762,1.40762,1.40762,1.40762,1.40762,1.40762,1.40762,1.40762,1.40762,1.40762,1.40762,1.40762,1.40762,1.40762,1.40762,1.40762,1.40762,1.40762,1.40762,1.40762,1.40762,1.40762,1.40762,1.40762,1.40762,1.40762,1.40762,1.40762,1.40762,1.40762,1.40762,1.40762,1.40762,1.40762,1.40762,1.40762,1.40762,1.40762,1.40762,1.40762,0.7792,0.0,0.0,0.0,0.0,0.0,0.0,0.0,0.0,0.0,0.0,0.0,0.0,0.0,0.0,0.0,0.0,0.0,0.0,0.0,0.0,0.0,0.0,0.0,0.0,0.0,0.0,0.0,0.0,0.0,0.0,0.0,0.0,0.0,0.0,0.0,0.0,0.0,0.0
2.7693,1.40762,1.40762,1.40762,1.40762,1.40762,1.40762,1.40762,1.40762,1.40762,1.40762,1.40762,1.40762,1.40762,1.40762,1.40762,1.40762,1.40762,1.40762,1.40762,1.40762,1.40762,1.40762,1.40762,1.40762,1.40762,1.40762,1.40762,1.40762,1.40762,1.40762,1.40762,1.40762,1.40762,1.40762,1.40762,1.40762,1.40762,1.40762,1.40762,1.40762,0.986308,0.0,0.0,0.0,0.0,0.0,0.0,0.0,0.0,0.0,0.0,0.0,0.0,0.0,0.0,0.0,0.0,0.0,0.0,0.0,0.0,0.0,0.0,0.0,0.0,0.0,0.0,0.0,0.0,0.0,0.0,0.0,0.0,0.0,0.0,0.0,0.0,0.0,0.0
2.87186,1.40762,1.40762,1.40762,1.40762,1.40762,1.40762,1.40762,1.40762,1.40762,1.40762,1.40762,1.40762,1.40762,1.40762,1.40762,1.40762,1.40762,1.40762,1.40762,1.40762,1.40762,1.40762,1.40762,1.40762,1.40762,1.40762,1.40762,1.40762,1.40762,1.40762,1.40762,1.40762,1.40762,1.40762,1.40762,1.40762,1.40762,1.40762,1.40762,1.40762,1.19005,0.683232,0.0,0.0,0.0,0.0,0.0,0.0,0.0,0.0,0.0,0.0,0.0,0.0,0.0,0.0,0.0,0.0,0.0,0.0,0.0,0.0,0.0,0.0,0.0,0.0,0.0,0.0,0.0,0.0,0.0,0.0,0.0,0.0,0.0,0.0,0.0,0.0,0.0
2.9744200000000003,1.40762,1.40762,1.40762,1.40762,1.40762,1.40762,1.40762,1.40762,1.40762,1.40762,1.40762,1.40762,1.40762,1.40762,1.40762,1.40762,1.40762,1.40762,1.40762,1.40762,1.40762,1.40762,1.40762,1.40762,1.40762,1.40762,1.40762,1.40762,1.40762,1.40762,1.40762,1.40762,1.40762,1.40762,1.40762,1.40762,1.40762,1.40762,1.40762,1.40762,1.28075,0.777182,0.338264,0.0,0.0,0.0,0.0,0.0,0.0,0.0,0.0,0.0,0.0,0.0,0.0,0.0,0.0,0.0,0.0,0.0,0.0,0.0,0.0,0.0,0.0,0.0,0.0,0.0,0.0,0.0,0.0,0.0,0.0,0.0,0.0,0.0,0.0,0.0,0.0
3.07698,1.40762,1.40762,1.40762,1.40762,1.40762,1.40762,1.40762,1.40762,1.40762,1.40762,1.40762,1.40762,1.40762,1.40762,1.40762,1.40762,1.40762,1.40762,1.40762,1.40762,1.40762,1.40762,1.40762,1.40762,1.40762,1.40762,1.40762,1.40762,1.40762,1.40762,1.40762,1.40762,1.40762,1.40762,1.40762,1.40762,1.40762,1.40762,1.40762,1.40762,1.35882,0.861681,0.516297,0.0,0.0,0.0,0.0,0.0,0.0,0.0,0.0,0.0,0.0,0.0,0.0,0.0,0.0,0.0,0.0,0.0,0.0,0.0,0.0,0.0,0.0,0.0,0.0,0.0,0.0,0.0,0.0,0.0,0.0,0.0,0.0,0.0,0.0,0.0,0.0
3.17955,1.40762,1.40762,1.40762,1.40762,1.40762,1.40762,1.40762,1.40762,1.40762,1.40762,1.40762,1.40762,1.40762,1.40762,1.40762,1.40762,1.40762,1.40762,1.40762,1.40762,1.40762,1.40762,1.40762,1.40762,1.40762,1.40762,1.40762,1.40762,1.40762,1.40762,1.40762,1.40762,1.40762,1.40762,1.40762,1.40762,1.40762,1.40762,1.40762,1.40762,1.40762,0.935266,0.602596,0.239369,0.0,0.0,0.0,0.0,0.0,0.0,0.0,0.0,0.0,0.0,0.0,0.0,0.0,0.0,0.0,0.0,0.0,0.0,0.0,0.0,0.0,0.0,0.0,0.0,0.0,0.0,0.0,0.0,0.0,0.0,0.0,0.0,0.0,0.0,0.0
3.28211,1.40762,1.40762,1.40762,1.40762,1.40762,1.40762,1.40762,1.40762,1.40762,1.40762,1.40762,1.40762,1.40762,1.40762,1.40762,1.40762,1.40762,1.40762,1.40762,1.40762,1.40762,1.40762,1.40762,1.40762,1.40762,1.40762,1.40762,1.40762,1.40762,1.40762,1.40762,1.40762,1.40762,1.40762,1.40762,1.40762,1.40762,1.40762,1.40762,1.40762,1.40762,1.00197,0.695925,0.338549,0.0,0.0,0.0,0.0,0.0,0.0,0.0,0.0,0.0,0.0,0.0,0.0,0.0,0.0,0.0,0.0,0.0,0.0,0.0,0.0,0.0,0.0,0.0,0.0,0.0,0.0,0.0,0.0,0.0,0.0,0.0,0.0,0.0,0.0,0.0
3.38467,1.40762,1.40762,1.40762,1.40762,1.40762,1.40762,1.40762,1.40762,1.40762,1.40762,1.40762,1.40762,1.40762,1.40762,1.40762,1.40762,1.40762,1.40762,1.40762,1.40762,1.40762,1.40762,1.40762,1.40762,1.40762,1.40762,1.40762,1.40762,1.40762,1.40762,1.40762,1.40762,1.40762,1.40762,1.40762,1.40762,1.40762,1.40762,1.40762,1.40762,1.40762,1.06345,0.768137,0.431052,0.0611441,0.0,0.0,0.0,0.0,0.0,0.0,0.0,0.0,0.0,0.0,0.0,0.0,0.0,0.0,0.0,0.0,0.0,0.0,0.0,0.0,0.0,0.0,0.0,0.0,0.0,0.0,0.0,0.0,0.0,0.0,0.0,0.0,0.0,0.0
3.4872400000000003,1.40762,1.40762,1.40762,1.40762,1.40762,1.40762,1.40762,1.40762,1.40762,1.40762,1.40762,1.40762,1.40762,1.40762,1.40762,1.40762,1.40762,1.40762,1.40762,1.40762,1.40762,1.40762,1.40762,1.40762,1.40762,1.40762,1.40762,1.40762,1.40762,1.40762,1.40762,1.40762,1.40762,1.40762,1.40762,1.40762,1.40762,1.40762,1.40762,1.40762,1.40762,1.11794,0.840245,0.448088,0.156798,0.0,0.0,0.0,0.0,0.0,0.0,0.0,0.0,0.0,0.0,0.0,0.0,0.0,0.0,0.0,0.0,0.0,0.0,0.0,0.0,0.0,0.0,0.0,0.0,0.0,0.0,0.0,0.0,0.0,0.0,0.0,0.0,0.0,0.0
3.5898,1.40762,1.40762,1.40762,1.40762,1.40762,1.40762,1.40762,1.40762,1.40762,1.40762,1.40762,1.40762,1.40762,1.40762,1.40762,1.40762,1.40762,1.40762,1.40762,1.40762,1.40762,1.40762,1.40762,1.40762,1.40762,1.40762,1.40762,1.40762,1.40762,1.40762,1.40762,1.40762,1.40762,1.40762,1.40762,1.40762,1.40762,1.40762,1.40762,1.40762,1.40762,1.1675,0.900574,0.579873,0.226573,0.0,0.0,0.0,0.0,0.0,0.0,0.0,0.0,0.0,0.0,0.0,0.0,0.0,0.0,0.0,0.0,0.0,0.0,0.0,0.0,0.0,0.0,0.0,0.0,0.0,0.0,0.0,0.0,0.0,0.0,0.0,0.0,0.0,0.0
3.69236,1.40762,1.40762,1.40762,1.40762,1.40762,1.40762,1.40762,1.40762,1.40762,1.40762,1.40762,1.40762,1.40762,1.40762,1.40762,1.40762,1.40762,1.40762,1.40762,1.40762,1.40762,1.40762,1.40762,1.40762,1.40762,1.40762,1.40762,1.40762,1.40762,1.40762,1.40762,1.40762,1.40762,1.40762,1.40762,1.40762,1.40762,1.40762,1.40762,1.40762,1.40762,1.21306,0.960829,0.644526,0.326195,0.0,0.0,0.0,0.0,0.0,0.0,0.0,0.0,0.0,0.0,0.0,0.0,0.0,0.0,0.0,0.0,0.0,0.0,0.0,0.0,0.0,0.0,0.0,0.0,0.0,0.0,0.0,0.0,0.0,0.0,0.0,0.0,0.0,0.0
3.79492,1.40762,1.40762,1.40762,1.40762,1.40762,1.40762,1.40762,1.40762,1.40762,1.40762,1.40762,1.40762,1.40762,1.40762,1.40762,1.40762,1.40762,1.40762,1.40762,1.40762,1.40762,1.40762,1.40762,1.40762,1.40762,1.40762,1.40762,1.40762,1.40762,1.40762,1.40762,1.40762,1.40762,1.40762,1.40762,1.40762,1.40762,1.40762,1.40762,1.40762,1.40762,1.25299,1.01038,0.694394,0.387132,0.0564472,0.0,0.0,0.0,0.0,0.0,0.0,0.0,0.0,0.0,0.0,0.0,0.0,0.0,0.0,0.0,0.0,0.0,0.0,0.0,0.0,0.0,0.0,0.0,0.0,0.0,0.0,0.0,0.0,0.0,0.0,0.0,0.0,0.0
3.8974900000000003,1.40762,1.40762,1.40762,1.40762,1.40762,1.40762,1.40762,1.40762,1.40762,1.40762,1.40762,1.40762,1.40762,1.40762,1.40762,1.40762,1.40762,1.40762,1.40762,1.40762,1.40762,1.40762,1.40762,1.40762,1.40762,1.40762,1.40762,1.40762,1.40762,1.40762,1.40762,1.40762,1.40762,1.40762,1.40762,1.40762,1.40762,1.40762,1.40762,1.40762,1.40762,1.29005,1.05988,0.7676,0.473585,0.133877,0.0,0.0,0.0,0.0,0.0,0.0,0.0,0.0,0.0,0.0,0.0,0.0,0.0,0.0,0.0,0.0,0.0,0.0,0.0,0.0,0.0,0.0,0.0,0.0,0.0,0.0,0.0,0.0,0.0,0.0,0.0,0.0,0.0
4.00005,1.40762,1.40762,1.40762,1.40762,1.40762,1.40762,1.40762,1.40762,1.40762,1.40762,1.40762,1.40762,1.40762,1.40762,1.40762,1.40762,1.40762,1.40762,1.40762,1.40762,1.40762,1.40762,1.40762,1.40762,1.40762,1.40762,1.40762,1.40762,1.40762,1.40762,1.40762,1.40762,1.40762,1.40762,1.40762,1.40762,1.40762,1.40762,1.40762,1.40762,1.40762,1.32454,1.10156,0.830007,0.536362,0.207549,0.0,0.0,0.0,0.0,0.0,0.0,0.0,0.0,0.0,0.0,0.0,0.0,0.0,0.0,0.0,0.0,0.0,0.0,0.0,0.0,0.0,0.0,0.0,0.0,0.0,0.0,0.0,0.0,0.0,0.0,0.0,0.0,0.0
4.102609999999999,1.40762,1.40762,1.40762,1.40762,1.40762,1.40762,1.40762,1.40762,1.40762,1.40762,1.40762,1.40762,1.40762,1.40762,1.40762,1.40762,1.40762,1.40762,1.40762,1.40762,1.40762,1.40762,1.40762,1.40762,1.40762,1.40762,1.40762,1.40762,1.40762,1.40762,1.40762,1.40762,1.40762,1.40762,1.40762,1.40762,1.40762,1.40762,1.40762,1.40762,1.40762,1.35497,1.14319,0.871874,0.59906,0.275762,0.0,0.0,0.0,0.0,0.0,0.0,0.0,0.0,0.0,0.0,0.0,0.0,0.0,0.0,0.0,0.0,0.0,0.0,0.0,0.0,0.0,0.0,0.0,0.0,0.0,0.0,0.0,0.0,0.0,0.0,0.0,0.0,0.0
4.20518,1.40762,1.40762,1.40762,1.40762,1.40762,1.40762,1.40762,1.40762,1.40762,1.40762,1.40762,1.40762,1.40762,1.40762,1.40762,1.40762,1.40762,1.40762,1.40762,1.40762,1.40762,1.40762,1.40762,1.40762,1.40762,1.40762,1.40762,1.40762,1.40762,1.40762,1.40762,1.40762,1.40762,1.40762,1.40762,1.40762,1.40762,1.40762,1.40762,1.40762,1.40762,1.3834,1.15208,0.925384,0.652866,0.340691,0.0119977,0.0,0.0,0.0,0.0,0.0,0.0,0.0,0.0,0.0,0.0,0.0,0.0,0.0,0.0,0.0,0.0,0.0,0.0,0.0,0.0,0.0,0.0,0.0,0.0,0.0,0.0,0.0,0.0,0.0,0.0,0.0,0.0
4.30774,1.40762,1.40762,1.40762,1.40762,1.40762,1.40762,1.40762,1.40762,1.40762,1.40762,1.40762,1.40762,1.40762,1.40762,1.40762,1.40762,1.40762,1.40762,1.40762,1.40762,1.40762,1.40762,1.40762,1.40762,1.40762,1.40762,1.40762,1.40762,1.40762,1.40762,1.40762,1.40762,1.40762,1.40762,1.40762,1.40762,1.40762,1.40762,1.40762,1.40762,1.40762,1.40762,1.21978,0.963862,0.706613,0.384526,0.0768668,0.0,0.0,0.0,0.0,0.0,0.0,0.0,0.0,0.0,0.0,0.0,0.0,0.0,0.0,0.0,0.0,0.0,0.0,0.0,0.0,0.0,0.0,0.0,0.0,0.0,0.0,0.0,0.0,0.0,0.0,0.0,0.0
4.4103,1.40762,1.40762,1.40762,1.40762,1.40762,1.40762,1.40762,1.40762,1.40762,1.40762,1.40762,1.40762,1.40762,1.40762,1.40762,1.40762,1.40762,1.40762,1.40762,1.40762,1.40762,1.40762,1.40762,1.40762,1.40762,1.40762,1.40762,1.40762,1.40762,1.40762,1.40762,1.40762,1.40762,1.40762,1.40762,1.40762,1.40762,1.40762,1.40762,1.40762,1.40762,1.40762,1.22888,0.978404,0.752207,0.365558,0.133828,0.0,0.0,0.0,0.0,0.0,0.0,0.0,0.0,0.0,0.0,0.0,0.0,0.0,0.0,0.0,0.0,0.0,0.0,0.0,0.0,0.0,0.0,0.0,0.0,0.0,0.0,0.0,0.0,0.0,0.0,0.0,0.0
4.51286,1.40762,1.40762,1.40762,1.40762,1.40762,1.40762,1.40762,1.40762,1.40762,1.40762,1.40762,1.40762,1.40762,1.40762,1.40762,1.40762,1.40762,1.40762,1.40762,1.40762,1.40762,1.40762,1.40762,1.40762,1.40762,1.40762,1.40762,1.40762,1.40762,1.40762,1.40762,1.40762,1.40762,1.40762,1.40762,1.40762,1.40762,1.40762,1.40762,1.40762,1.40762,1.40762,1.27084,1.03486,0.79776,0.497816,0.196052,0.0,0.0,0.0,0.0,0.0,0.0,0.0,0.0,0.0,0.0,0.0,0.0,0.0,0.0,0.0,0.0,0.0,0.0,0.0,0.0,0.0,0.0,0.0,0.0,0.0,0.0,0.0,0.0,0.0,0.0,0.0,0.0
4.61543,1.40762,1.40762,1.40762,1.40762,1.40762,1.40762,1.40762,1.40762,1.40762,1.40762,1.40762,1.40762,1.40762,1.40762,1.40762,1.40762,1.40762,1.40762,1.40762,1.40762,1.40762,1.40762,1.40762,1.40762,1.40762,1.40762,1.40762,1.40762,1.40762,1.40762,1.40762,1.40762,1.40762,1.40762,1.40762,1.40762,1.40762,1.40762,1.40762,1.40762,1.40762,1.40762,1.28348,1.06036,0.837007,0.5373,0.230744,0.0,0.0,0.0,0.0,0.0,0.0,0.0,0.0,0.0,0.0,0.0,0.0,0.0,0.0,0.0,0.0,0.0,0.0,0.0,0.0,0.0,0.0,0.0,0.0,0.0,0.0,0.0,0.0,0.0,0.0,0.0,0.0
4.71799,1.40762,1.40762,1.40762,1.40762,1.40762,1.40762,1.40762,1.40762,1.40762,1.40762,1.40762,1.40762,1.40762,1.40762,1.40762,1.40762,1.40762,1.40762,1.40762,1.40762,1.40762,1.40762,1.40762,1.40762,1.40762,1.40762,1.40762,1.40762,1.40762,1.40762,1.40762,1.40762,1.40762,1.40762,1.40762,1.40762,1.40762,1.40762,1.40762,1.40762,1.40762,1.40762,1.32157,1.0994,0.876222,0.541175,0.301482,0.0,0.0,0.0,0.0,0.0,0.0,0.0,0.0,0.0,0.0,0.0,0.0,0.0,0.0,0.0,0.0,0.0,0.0,0.0,0.0,0.0,0.0,0.0,0.0,0.0,0.0,0.0,0.0,0.0,0.0,0.0,0.0
4.82055,1.40762,1.40762,1.40762,1.40762,1.40762,1.40762,1.40762,1.40762,1.40762,1.40762,1.40762,1.40762,1.40762,1.40762,1.40762,1.40762,1.40762,1.40762,1.40762,1.40762,1.40762,1.40762,1.40762,1.40762,1.40762,1.40762,1.40762,1.40762,1.40762,1.40762,1.40762,1.40762,1.40762,1.40762,1.40762,1.40762,1.40762,1.40762,1.40762,1.40762,1.40762,1.40762,1.33671,1.13283,0.909808,0.635784,0.336234,0.0444859,0.0,0.0,0.0,0.0,0.0,0.0,0.0,0.0,0.0,0.0,0.0,0.0,0.0,0.0,0.0,0.0,0.0,0.0,0.0,0.0,0.0,0.0,0.0,0.0,0.0,0.0,0.0,0.0,0.0,0.0,0.0
4.92312,1.40762,1.40762,1.40762,1.40762,1.40762,1.40762,1.40762,1.40762,1.40762,1.40762,1.40762,1.40762,1.40762,1.40762,1.40762,1.40762,1.40762,1.40762,1.40762,1.40762,1.40762,1.40762,1.40762,1.40762,1.40762,1.40762,1.40762,1.40762,1.40762,1.40762,1.40762,1.40762,1.40762,1.40762,1.40762,1.40762,1.40762,1.40762,1.40762,1.40762,1.40762,1.40762,1.3638,1.15403,0.943372,0.591043,0.394176,0.0926107,0.0,0.0,0.0,0.0,0.0,0.0,0.0,0.0,0.0,0.0,0.0,0.0,0.0,0.0,0.0,0.0,0.0,0.0,0.0,0.0,0.0,0.0,0.0,0.0,0.0,0.0,0.0,0.0,0.0,0.0,0.0
5.02568,1.40762,1.40762,1.40762,1.40762,1.40762,1.40762,1.40762,1.40762,1.40762,1.40762,1.40762,1.40762,1.40762,1.40762,1.40762,1.40762,1.40762,1.40762,1.40762,1.40762,1.40762,1.40762,1.40762,1.40762,1.40762,1.40762,1.40762,1.40762,1.40762,1.40762,1.40762,1.40762,1.40762,1.40762,1.40762,1.40762,1.40762,1.40762,1.40762,1.40762,1.40762,1.40762,1.38183,1.18283,0.972289,0.710248,0.435117,0.139302,0.0,0.0,0.0,0.0,0.0,0.0,0.0,0.0,0.0,0.0,0.0,0.0,0.0,0.0,0.0,0.0,0.0,0.0,0.0,0.0,0.0,0.0,0.0,0.0,0.0,0.0,0.0,0.0,0.0,0.0,0.0
5.12824,1.40762,1.40762,1.40762,1.40762,1.40762,1.40762,1.40762,1.40762,1.40762,1.40762,1.40762,1.40762,1.40762,1.40762,1.40762,1.40762,1.40762,1.40762,1.40762,1.40762,1.40762,1.40762,1.40762,1.40762,1.40762,1.40762,1.40762,1.40762,1.40762,1.40762,1.40762,1.40762,1.40762,1.40762,1.40762,1.40762,1.40762,1.40762,1.40762,1.40762,1.40762,1.40762,1.39986,1.20092,1.00119,0.739301,0.476023,0.182226,0.0,0.0,0.0,0.0,0.0,0.0,0.0,0.0,0.0,0.0,0.0,0.0,0.0,0.0,0.0,0.0,0.0,0.0,0.0,0.0,0.0,0.0,0.0,0.0,0.0,0.0,0.0,0.0,0.0,0.0,0.0
5.2308,1.40762,1.40762,1.40762,1.40762,1.40762,1.40762,1.40762,1.40762,1.40762,1.40762,1.40762,1.40762,1.40762,1.40762,1.40762,1.40762,1.40762,1.40762,1.40762,1.40762,1.40762,1.40762,1.40762,1.40762,1.40762,1.40762,1.40762,1.40762,1.40762,1.40762,1.40762,1.40762,1.40762,1.40762,1.40762,1.40762,1.40762,1.40762,1.40762,1.40762,1.40762,1.40762,1.40762,1.23734,1.02571,0.735557,0.511679,0.223204,0.0,0.0,0.0,0.0,0.0,0.0,0.0,0.0,0.0,0.0,0.0,0.0,0.0,0.0,0.0,0.0,0.0,0.0,0.0,0.0,0.0,0.0,0.0,0.0,0.0,0.0,0.0,0.0,0.0,0.0,0.0
5.3333699999999995,1.40762,1.40762,1.40762,1.40762,1.40762,1.40762,1.40762,1.40762,1.40762,1.40762,1.40762,1.40762,1.40762,1.40762,1.40762,1.40762,1.40762,1.40762,1.40762,1.40762,1.40762,1.40762,1.40762,1.40762,1.40762,1.40762,1.40762,1.40762,1.40762,1.40762,1.40762,1.40762,1.40762,1.40762,1.40762,1.40762,1.40762,1.40762,1.40762,1.40762,1.40762,1.40762,1.40762,1.25563,1.05022,0.799403,0.547309,0.261661,0.0,0.0,0.0,0.0,0.0,0.0,0.0,0.0,0.0,0.0,0.0,0.0,0.0,0.0,0.0,0.0,0.0,0.0,0.0,0.0,0.0,0.0,0.0,0.0,0.0,0.0,0.0,0.0,0.0,0.0,0.0
5.43593,1.40762,1.40762,1.40762,1.40762,1.40762,1.40762,1.40762,1.40762,1.40762,1.40762,1.40762,1.40762,1.40762,1.40762,1.40762,1.40762,1.40762,1.40762,1.40762,1.40762,1.40762,1.40762,1.40762,1.40762,1.40762,1.40762,1.40762,1.40762,1.40762,1.40762,1.40762,1.40762,1.40762,1.40762,1.40762,1.40762,1.40762,1.40762,1.40762,1.40762,1.40762,1.40762,1.40762,1.27466,1.07167,0.820961,0.578398,0.297085,0.0104686,0.0,0.0,0.0,0.0,0.0,0.0,0.0,0.0,0.0,0.0,0.0,0.0,0.0,0.0,0.0,0.0,0.0,0.0,0.0,0.0,0.0,0.0,0.0,0.0,0.0,0.0,0.0,0.0,0.0,0.0
5.53849,1.40762,1.40762,1.40762,1.40762,1.40762,1.40762,1.40762,1.40762,1.40762,1.40762,1.40762,1.40762,1.40762,1.40762,1.40762,1.40762,1.40762,1.40762,1.40762,1.40762,1.40762,1.40762,1.40762,1.40762,1.40762,1.40762,1.40762,1.40762,1.40762,1.40762,1.40762,1.40762,1.40762,1.40762,1.40762,1.40762,1.40762,1.40762,1.40762,1.40762,1.40762,1.40762,1.40762,1.28936,1.09311,0.851879,0.609467,0.305527,0.0479213,0.0,0.0,0.0,0.0,0.0,0.0,0.0,0.0,0.0,0.0,0.0,0.0,0.0,0.0,0.0,0.0,0.0,0.0,0.0,0.0,0.0,0.0,0.0,0.0,0.0,0.0,0.0,0.0,0.0,0.0
5.6410599999999995,1.40762,1.40762,1.40762,1.40762,1.40762,1.40762,1.40762,1.40762,1.40762,1.40762,1.40762,1.40762,1.40762,1.40762,1.40762,1.40762,1.40762,1.40762,1.40762,1.40762,1.40762,1.40762,1.40762,1.40762,1.40762,1.40762,1.40762,1.40762,1.40762,1.40762,1.40762,1.40762,1.40762,1.40762,1.40762,1.40762,1.40762,1.40762,1.40762,1.40762,1.40762,1.40762,1.40762,1.30447,1.11096,0.877914,0.635629,0.299867,0.0643195,0.0,0.0,0.0,0.0,0.0,0.0,0.0,0.0,0.0,0.0,0.0,0.0,0.0,0.0,0.0,0.0,0.0,0.0,0.0,0.0,0.0,0.0,0.0,0.0,0.0,0.0,0.0,0.0,0.0,0.0
5.74362,1.40762,1.40762,1.40762,1.40762,1.40762,1.40762,1.40762,1.40762,1.40762,1.40762,1.40762,1.40762,1.40762,1.40762,1.40762,1.40762,1.40762,1.40762,1.40762,1.40762,1.40762,1.40762,1.40762,1.40762,1.40762,1.40762,1.40762,1.40762,1.40762,1.40762,1.40762,1.40762,1.40762,1.40762,1.40762,1.40762,1.40762,1.40762,1.40762,1.40762,1.40762,1.40762,1.40762,1.31753,1.1288,0.895839,0.661778,0.364652,0.11244,0.0,0.0,0.0,0.0,0.0,0.0,0.0,0.0,0.0,0.0,0.0,0.0,0.0,0.0,0.0,0.0,0.0,0.0,0.0,0.0,0.0,0.0,0.0,0.0,0.0,0.0,0.0,0.0,0.0,0.0
5.84618,1.40762,1.40762,1.40762,1.40762,1.40762,1.40762,1.40762,1.40762,1.40762,1.40762,1.40762,1.40762,1.40762,1.40762,1.40762,1.40762,1.40762,1.40762,1.40762,1.40762,1.40762,1.40762,1.40762,1.40762,1.40762,1.40762,1.40762,1.40762,1.40762,1.40762,1.40762,1.40762,1.40762,1.40762,1.40762,1.40762,1.40762,1.40762,1.40762,1.40762,1.40762,1.40762,1.40762,1.33055,1.14432,0.919033,0.685082,0.348516,0.138711,0.0,0.0,0.0,0.0,0.0,0.0,0.0,0.0,0.0,0.0,0.0,0.0,0.0,0.0,0.0,0.0,0.0,0.0,0.0,0.0,0.0,0.0,0.0,0.0,0.0,0.0,0.0,0.0,0.0,0.0
5.94874,1.40762,1.40762,1.40762,1.40762,1.40762,1.40762,1.40762,1.40762,1.40762,1.40762,1.40762,1.40762,1.40762,1.40762,1.40762,1.40762,1.40762,1.40762,1.40762,1.40762,1.40762,1.40762,1.40762,1.40762,1.40762,1.40762,1.40762,1.40762,1.40762,1.40762,1.40762,1.40762,1.40762,1.40762,1.40762,1.40762,1.40762,1.40762,1.40762,1.40762,1.40762,1.40762,1.40762,1.34262,1.15983,0.934618,0.708374,0.417246,0.172401,0.0,0.0,0.0,0.0,0.0,0.0,0.0,0.0,0.0,0.0,0.0,0.0,0.0,0.0,0.0,0.0,0.0,0.0,0.0,0.0,0.0,0.0,0.0,0.0,0.0,0.0,0.0,0.0,0.0,0.0
6.05131,1.40762,1.40762,1.40762,1.40762,1.40762,1.40762,1.40762,1.40762,1.40762,1.40762,1.40762,1.40762,1.40762,1.40762,1.40762,1.40762,1.40762,1.40762,1.40762,1.40762,1.40762,1.40762,1.40762,1.40762,1.40762,1.40762,1.40762,1.40762,1.40762,1.40762,1.40762,1.40762,1.40762,1.40762,1.40762,1.40762,1.40762,1.40762,1.40762,1.40762,1.40762,1.40762,1.40762,1.35332,1.17318,0.933782,0.729457,0.390761,0.194567,0.0,0.0,0.0,0.0,0.0,0.0,0.0,0.0,0.0,0.0,0.0,0.0,0.0,0.0,0.0,0.0,0.0,0.0,0.0,0.0,0.0,0.0,0.0,0.0,0.0,0.0,0.0,0.0,0.0,0.0
6.1538699999999995,1.40762,1.40762,1.40762,1.40762,1.40762,1.40762,1.40762,1.40762,1.40762,1.40762,1.40762,1.40762,1.40762,1.40762,1.40762,1.40762,1.40762,1.40762,1.40762,1.40762,1.40762,1.40762,1.40762,1.40762,1.40762,1.40762,1.40762,1.40762,1.40762,1.40762,1.40762,1.40762,1.40762,1.40762,1.40762,1.40762,1.40762,1.40762,1.40762,1.40762,1.40762,1.40762,1.40762,1.36346,1.18652,0.969005,0.75053,0.482218,0.223964,0.0,0.0,0.0,0.0,0.0,0.0,0.0,0.0,0.0,0.0,0.0,0.0,0.0,0.0,0.0,0.0,0.0,0.0,0.0,0.0,0.0,0.0,0.0,0.0,0.0,0.0,0.0,0.0,0.0,0.0
6.25643,1.40762,1.40762,1.40762,1.40762,1.40762,1.40762,1.40762,1.40762,1.40762,1.40762,1.40762,1.40762,1.40762,1.40762,1.40762,1.40762,1.40762,1.40762,1.40762,1.40762,1.40762,1.40762,1.40762,1.40762,1.40762,1.40762,1.40762,1.40762,1.40762,1.40762,1.40762,1.40762,1.40762,1.40762,1.40762,1.40762,1.40762,1.40762,1.40762,1.40762,1.40762,1.40762,1.40762,1.37222,1.19769,0.98022,0.767194,0.427288,0.242219,0.0,0.0,0.0,0.0,0.0,0.0,0.0,0.0,0.0,0.0,0.0,0.0,0.0,0.0,0.0,0.0,0.0,0.0,0.0,0.0,0.0,0.0,0.0,0.0,0.0,0.0,0.0,0.0,0.0,0.0
6.35899,1.40762,1.40762,1.40762,1.40762,1.40762,1.40762,1.40762,1.40762,1.40762,1.40762,1.40762,1.40762,1.40762,1.40762,1.40762,1.40762,1.40762,1.40762,1.40762,1.40762,1.40762,1.40762,1.40762,1.40762,1.40762,1.40762,1.40762,1.40762,1.40762,1.40762,1.40762,1.40762,1.40762,1.40762,1.40762,1.40762,1.40762,1.40762,1.40762,1.40762,1.40762,1.40762,1.40762,1.38071,1.20885,0.996807,0.783852,0.467706,0.269524,0.00787866,0.0,0.0,0.0,0.0,0.0,0.0,0.0,0.0,0.0,0.0,0.0,0.0,0.0,0.0,0.0,0.0,0.0,0.0,0.0,0.0,0.0,0.0,0.0,0.0,0.0,0.0,0.0,0.0,0.0
6.4615599999999995,1.40762,1.40762,1.40762,1.40762,1.40762,1.40762,1.40762,1.40762,1.40762,1.40762,1.40762,1.40762,1.40762,1.40762,1.40762,1.40762,1.40762,1.40762,1.40762,1.40762,1.40762,1.40762,1.40762,1.40762,1.40762,1.40762,1.40762,1.40762,1.40762,1.40762,1.40762,1.40762,1.40762,1.40762,1.40762,1.40762,1.40762,1.40762,1.40762,1.40762,1.40762,1.40762,1.40762,1.38821,1.21839,1.01138,0.798486,0.474952,0.253827,0.0240288,0.0,0.0,0.0,0.0,0.0,0.0,0.0,0.0,0.0,0.0,0.0,0.0,0.0,0.0,0.0,0.0,0.0,0.0,0.0,0.0,0.0,0.0,0.0,0.0,0.0,0.0,0.0,0.0,0.0
6.56412,1.40762,1.40762,1.40762,1.40762,1.40762,1.40762,1.40762,1.40762,1.40762,1.40762,1.40762,1.40762,1.40762,1.40762,1.40762,1.40762,1.40762,1.40762,1.40762,1.40762,1.40762,1.40762,1.40762,1.40762,1.40762,1.40762,1.40762,1.40762,1.40762,1.40762,1.40762,1.40762,1.40762,1.40762,1.40762,1.40762,1.40762,1.40762,1.40762,1.40762,1.40762,1.40762,1.40762,1.39576,1.22794,1.02096,0.813116,0.498866,0.308408,0.0444721,0.0,0.0,0.0,0.0,0.0,0.0,0.0,0.0,0.0,0.0,0.0,0.0,0.0,0.0,0.0,0.0,0.0,0.0,0.0,0.0,0.0,0.0,0.0,0.0,0.0,0.0,0.0,0.0,0.0
6.66668,1.40762,1.40762,1.40762,1.40762,1.40762,1.40762,1.40762,1.40762,1.40762,1.40762,1.40762,1.40762,1.40762,1.40762,1.40762,1.40762,1.40762,1.40762,1.40762,1.40762,1.40762,1.40762,1.40762,1.40762,1.40762,1.40762,1.40762,1.40762,1.40762,1.40762,1.40762,1.40762,1.40762,1.40762,1.40762,1.40762,1.40762,1.40762,1.40762,1.40762,1.40762,1.40762,1.40762,1.4016,1.23543,1.03294,0.825141,0.502806,0.286024,0.0629934,0.0,0.0,0.0,0.0,0.0,0.0,0.0,0.0,0.0,0.0,0.0,0.0,0.0,0.0,0.0,0.0,0.0,0.0,0.0,0.0,0.0,0.0,0.0,0.0,0.0,0.0,0.0,0.0,0.0
6.76925,1.40762,1.40762,1.40762,1.40762,1.40762,1.40762,1.40762,1.40762,1.40762,1.40762,1.40762,1.40762,1.40762,1.40762,1.40762,1.40762,1.40762,1.40762,1.40762,1.40762,1.40762,1.40762,1.40762,1.40762,1.40762,1.40762,1.40762,1.40762,1.40762,1.40762,1.40762,1.40762,1.40762,1.40762,1.40762,1.40762,1.40762,1.40762,1.40762,1.40762,1.40762,1.40762,1.40762,1.40723,1.24293,1.04046,0.837163,0.527588,0.34251,0.0807409,0.0,0.0,0.0,0.0,0.0,0.0,0.0,0.0,0.0,0.0,0.0,0.0,0.0,0.0,0.0,0.0,0.0,0.0,0.0,0.0,0.0,0.0,0.0,0.0,0.0,0.0,0.0,0.0,0.0
6.871810000000001,1.40762,1.40762,1.40762,1.40762,1.40762,1.40762,1.40762,1.40762,1.40762,1.40762,1.40762,1.40762,1.40762,1.40762,1.40762,1.40762,1.40762,1.40762,1.40762,1.40762,1.40762,1.40762,1.40762,1.40762,1.40762,1.40762,1.40762,1.40762,1.40762,1.40762,1.40762,1.40762,1.40762,1.40762,1.40762,1.40762,1.40762,1.40762,1.40762,1.40762,1.40762,1.40762,1.40762,1.40762,1.23843,1.05136,0.848109,0.525466,0.311824,0.096524,0.0,0.0,0.0,0.0,0.0,0.0,0.0,0.0,0.0,0.0,0.0,0.0,0.0,0.0,0.0,0.0,0.0,0.0,0.0,0.0,0.0,0.0,0.0,0.0,0.0,0.0,0.0,0.0,0.0
6.9743699999999995,1.40762,1.40762,1.40762,1.40762,1.40762,1.40762,1.40762,1.40762,1.40762,1.40762,1.40762,1.40762,1.40762,1.40762,1.40762,1.40762,1.40762,1.40762,1.40762,1.40762,1.40762,1.40762,1.40762,1.40762,1.40762,1.40762,1.40762,1.40762,1.40762,1.40762,1.40762,1.40762,1.40762,1.40762,1.40762,1.40762,1.40762,1.40762,1.40762,1.40762,1.40762,1.40762,1.40762,1.40762,1.2555,1.05767,0.859052,0.55093,0.37042,0.11044,0.0,0.0,0.0,0.0,0.0,0.0,0.0,0.0,0.0,0.0,0.0,0.0,0.0,0.0,0.0,0.0,0.0,0.0,0.0,0.0,0.0,0.0,0.0,0.0,0.0,0.0,0.0,0.0,0.0
7.07693,1.40762,1.40762,1.40762,1.40762,1.40762,1.40762,1.40762,1.40762,1.40762,1.40762,1.40762,1.40762,1.40762,1.40762,1.40762,1.40762,1.40762,1.40762,1.40762,1.40762,1.40762,1.40762,1.40762,1.40762,1.40762,1.40762,1.40762,1.40762,1.40762,1.40762,1.40762,1.40762,1.40762,1.40762,1.40762,1.40762,1.40762,1.40762,1.40762,1.40762,1.40762,1.40762,1.40762,1.40762,1.24906,1.05314,0.866734,0.551616,0.337785,0.124596,0.0,0.0,0.0,0.0,0.0,0.0,0.0,0.0,0.0,0.0,0.0,0.0,0.0,0.0,0.0,0.0,0.0,0.0,0.0,0.0,0.0,0.0,0.0,0.0,0.0,0.0,0.0,0.0,0.0
7.1795,1.40762,1.40762,1.40762,1.40762,1.40762,1.40762,1.40762,1.40762,1.40762,1.40762,1.40762,1.40762,1.40762,1.40762,1.40762,1.40762,1.40762,1.40762,1.40762,1.40762,1.40762,1.40762,1.40762,1.40762,1.40762,1.40762,1.40762,1.40762,1.40762,1.40762,1.40762,1.40762,1.40762,1.40762,1.40762,1.40762,1.40762,1.40762,1.40762,1.40762,1.40762,1.40762,1.40762,1.40762,1.26539,1.07029,0.874414,0.572686,0.39398,0.137855,0.0,0.0,0.0,0.0,0.0,0.0,0.0,0.0,0.0,0.0,0.0,0.0,0.0,0.0,0.0,0.0,0.0,0.0,0.0,0.0,0.0,0.0,0.0,0.0,0.0,0.0,0.0,0.0,0.0
7.28206,1.40762,1.40762,1.40762,1.40762,1.40762,1.40762,1.40762,1.40762,1.40762,1.40762,1.40762,1.40762,1.40762,1.40762,1.40762,1.40762,1.40762,1.40762,1.40762,1.40762,1.40762,1.40762,1.40762,1.40762,1.40762,1.40762,1.40762,1.40762,1.40762,1.40762,1.40762,1.40762,1.40762,1.40762,1.40762,1.40762,1.40762,1.40762,1.40762,1.40762,1.40762,1.40762,1.40762,1.40762,1.25774,1.07664,0.880795,0.592311,0.380089,0.150063,0.0,0.0,0.0,0.0,0.0,0.0,0.0,0.0,0.0,0.0,0.0,0.0,0.0,0.0,0.0,0.0,0.0,0.0,0.0,0.0,0.0,0.0,0.0,0.0,0.0,0.0,0.0,0.0,0.0
7.38462,1.40762,1.40762,1.40762,1.40762,1.40762,1.40762,1.40762,1.40762,1.40762,1.40762,1.40762,1.40762,1.40762,1.40762,1.40762,1.40762,1.40762,1.40762,1.40762,1.40762,1.40762,1.40762,1.40762,1.40762,1.40762,1.40762,1.40762,1.40762,1.40762,1.40762,1.40762,1.40762,1.40762,1.40762,1.40762,1.40762,1.40762,1.40762,1.40762,1.40762,1.40762,1.40762,1.40762,1.40762,1.27275,1.08034,0.887176,0.604796,0.413144,0.160481,0.0,0.0,0.0,0.0,0.0,0.0,0.0,0.0,0.0,0.0,0.0,0.0,0.0,0.0,0.0,0.0,0.0,0.0,0.0,0.0,0.0,0.0,0.0,0.0,0.0,0.0,0.0,0.0,0.0
7.487189999999999,1.40762,1.40762,1.40762,1.40762,1.40762,1.40762,1.40762,1.40762,1.40762,1.40762,1.40762,1.40762,1.40762,1.40762,1.40762,1.40762,1.40762,1.40762,1.40762,1.40762,1.40762,1.40762,1.40762,1.40762,1.40762,1.40762,1.40762,1.40762,1.40762,1.40762,1.40762,1.40762,1.40762,1.40762,1.40762,1.40762,1.40762,1.40762,1.40762,1.40762,1.40762,1.40762,1.40762,1.40762,1.26481,1.08485,0.891702,0.596635,0.375057,0.167462,0.0,0.0,0.0,0.0,0.0,0.0,0.0,0.0,0.0,0.0,0.0,0.0,0.0,0.0,0.0,0.0,0.0,0.0,0.0,0.0,0.0,0.0,0.0,0.0,0.0,0.0,0.0,0.0,0.0
7.58975,1.40762,1.40762,1.40762,1.40762,1.40762,1.40762,1.40762,1.40762,1.40762,1.40762,1.40762,1.40762,1.40762,1.40762,1.40762,1.40762,1.40762,1.40762,1.40762,1.40762,1.40762,1.40762,1.40762,1.40762,1.40762,1.40762,1.40762,1.40762,1.40762,1.40762,1.40762,1.40762,1.40762,1.40762,1.40762,1.40762,1.40762,1.40762,1.40762,1.40762,1.40762,1.40762,1.40762,1.40758,1.27836,1.08911,0.896229,0.596359,0.425428,0.175849,0.0,0.0,0.0,0.0,0.0,0.0,0.0,0.0,0.0,0.0,0.0,0.0,0.0,0.0,0.0,0.0,0.0,0.0,0.0,0.0,0.0,0.0,0.0,0.0,0.0,0.0,0.0,0.0,0.0
7.692310000000001,1.40762,1.40762,1.40762,1.40762,1.40762,1.40762,1.40762,1.40762,1.40762,1.40762,1.40762,1.40762,1.40762,1.40762,1.40762,1.40762,1.40762,1.40762,1.40762,1.40762,1.40762,1.40762,1.40762,1.40762,1.40762,1.40762,1.40762,1.40762,1.40762,1.40762,1.40762,1.40762,1.40762,1.40762,1.40762,1.40762,1.40762,1.40762,1.40762,1.40762,1.40762,1.40762,1.40762,1.35234,1.2174,1.06808,0.900963,0.675388,0.390975,0.183052,0.0,0.0,0.0,0.0,0.0,0.0,0.0,0.0,0.0,0.0,0.0,0.0,0.0,0.0,0.0,0.0,0.0,0.0,0.0,0.0,0.0,0.0,0.0,0.0,0.0,0.0,0.0,0.0,0.0
7.7948699999999995,1.40762,1.40762,1.40762,1.40762,1.40762,1.40762,1.40762,1.40762,1.40762,1.40762,1.40762,1.40762,1.40762,1.40762,1.40762,1.40762,1.40762,1.40762,1.40762,1.40762,1.40762,1.40762,1.40762,1.40762,1.40762,1.40762,1.40762,1.40762,1.40762,1.40762,1.40762,1.40762,1.40762,1.40762,1.40762,1.40762,1.40762,1.40762,1.40556,1.39361,1.38262,1.37368,1.36901,1.29132,1.14953,0.988408,0.819625,0.638159,0.438594,0.19054,0.0,0.0,0.0,0.0,0.0,0.0,0.0,0.0,0.0,0.0,0.0,0.0,0.0,0.0,0.0,0.0,0.0,0.0,0.0,0.0,0.0,0.0,0.0,0.0,0.0,0.0,0.0,0.0,0.0
7.89744,1.40762,1.40762,1.40762,1.40762,1.40762,1.40762,1.40762,1.40762,1.40762,1.40762,1.40762,1.40762,1.40762,1.40762,1.40762,1.40762,1.40762,1.40762,1.40762,1.40762,1.40762,1.40762,1.40762,1.40762,1.40762,1.40762,1.40762,1.40762,1.40762,1.40762,1.40762,1.40762,1.40762,1.40762,1.40762,1.40762,1.40762,1.40762,1.3204,1.30209,1.29639,1.28957,1.29433,1.22653,1.07096,0.888338,0.722787,0.537259,0.346308,0.152132,0.0,0.0,0.0,0.0,0.0,0.0,0.0,0.0,0.0,0.0,0.0,0.0,0.0,0.0,0.0,0.0,0.0,0.0,0.0,0.0,0.0,0.0,0.0,0.0,0.0,0.0,0.0,0.0,0.0
8.0,1.40762,1.40762,1.40762,1.40762,1.40762,1.40762,1.40762,1.40762,1.40762,1.40762,1.40762,1.40762,1.40762,1.40762,1.40762,1.40762,1.40762,1.40762,1.40762,1.40762,1.40762,1.40762,1.40762,1.40762,1.40762,1.40762,1.40762,1.40762,1.40762,1.40762,1.40762,1.40762,1.40762,1.40762,1.40762,1.40762,1.40762,1.40762,1.22142,1.21572,1.21001,1.21021,1.21041,1.15538,0.992271,0.809353,0.625759,0.537259,0.233743,0.0394291,0.0,0.0,0.0,0.0,0.0,0.0,0.0,0.0,0.0,0.0,0.0,0.0,0.0,0.0,0.0,0.0,0.0,0.0,0.0,0.0,0.0,0.0,0.0,0.0,0.0,0.0,0.0,0.0,0.0
